Module,Total SMV,Product Type,Avg Per Day,Actual Per Day,Defect Qty,Reject Qty,Missing Qty
AL01,33.1,Hoody Baselayer,90,85.0,4.0,0.0,1.0
,,,,,,,
AL01,33.1,,90,88.0,2.0,0.0,
,,,,,,,
AL02,33.61,Hoody Baselayer,32,31.0,1.0,0.0,
AL02,33.61,Hoody Baselayer,24,20.0,4.0,0.0,
AL02,33.61,Hoody Baselayer,11,11.0,,,
AL02,33.61,Hoody Baselayer,44,41.0,2.0,0.0,1.0
AL02,33.61,Hoody Baselayer,218,220.0,2.0,0.0,
AL02,33.1,Hoody Baselayer,514,500.0,12.0,1.0,2.0
AL02,33.1,Hoody Baselayer,592,588.0,4.0,0.0,
AL02,33.1,Hoody Baselayer,515,513.0,1.0,0.0,1.0
AL02,33.1,Hoody Baselayer,774,760.0,14.0,1.0,0.0
AL02,33.1,Hoody Baselayer,629,624.0,5.0,0.0,0.0
AL02,33.1,Hoody Baselayer,386,380.0,6.0,0.0,0.0
AL02,33.1,Hoody Baselayer,721,711.0,10.0,1.0,0.0
AL02,33.1,Hoody Baselayer,850,835.0,15.0,2.0,0.0
AL02,33.1,Hoody Baselayer,549,545.0,4.0,0.0,0.0
AL02,33.1,Hoody Baselayer,747,732.0,15.0,1.0,0.0
AL02,33.1,Hoody Baselayer,541,538.0,3.0,0.0,0.0
AL02,33.61,Hoody Baselayer,515,500.0,15.0,2.0,0.0
AL02,33.61,Hoody Baselayer,490,480.0,10.0,1.0,0.0
AL02,33.61,Hoody Baselayer,876,875.0,1.0,0.0,0.0
AL02,33.61,Hoody Baselayer,773,753.0,20.0,3.0,0.0
AL02,24.83,T-shirt Baselayer,446,440.0,6.0,0.0,0.0
AL02,24.83,T-shirt Baselayer,450,395.0,40.0,4.0,15.0
AL02,24.83,T-shirt Baselayer,1005,983.0,22.0,2.0,0.0
AL02,24.83,T-shirt Baselayer,618,615.0,3.0,0.0,0.0
AL02,24.83,T-shirt Baselayer,850,815.0,30.0,4.0,5.0
AL02,24.56,T-shirt Baselayer,554,550.0,4.0,0.0,0.0
AL02,24.56,T-shirt Baselayer,798,768.0,29.0,3.0,1.0
AL02,24.56,T-shirt Baselayer,773,753.0,20.0,2.0,0.0
AL02,24.56,T-shirt Baselayer,438,400.0,38.0,3.0,0.0
AL02,24.56,T-shirt Baselayer,515,495.0,20.0,2.0,0.0
AL02,24.56,T-shirt Baselayer,695,678.0,17.0,1.0,0.0
AL02,24.56,T-shirt Baselayer,284,275.0,9.0,1.0,0.0
AL02,24.83,T-shirt Baselayer,1030,998.0,32.0,4.0,0.0
AL02,24.83,T-shirt Baselayer,541,521.0,20.0,4.0,0.0
AL02,24.83,T-shirt Baselayer,721,719.0,2.0,0.0,0.0
AL02,24.83,T-shirt Baselayer,1236,1220.0,16.0,3.0,
AL02,33.61,Hoody Baselayer,172,152.0,20.0,4.0,0.0
AL02,33.61,Hoody Baselayer,258,229.0,29.0,5.0,0.0
AL02,33.61,Hoody Baselayer,464,453.0,11.0,1.0,0.0
AL02,33.61,Hoody Baselayer,631,620.0,11.0,1.0,0.0
AL02,33.61,Hoody Baselayer,876,852.0,24.0,3.0,0.0
AL02,33.61,Hoody Baselayer,773,748.0,25.0,3.0,0.0
AL02,33.1,Hoody Baselayer,652,630.0,22.0,2.0,0.0
AL02,33.1,Hoody Baselayer,618,598.0,20.0,1.0,0.0
AL02,33.1,Hoody Baselayer,412,400.0,10.0,0.0,2.0
AL02,33.1,Hoody Baselayer,824,800.0,20.0,2.0,4.0
AL02,33.1,Hoody Baselayer,530,510.0,19.0,3.0,1.0
AL02,33.1,Hoody Baselayer,504,490.0,14.0,2.0,0.0
AL02,33.1,Hoody Baselayer,515,499.0,16.0,2.0,0.0
AL02,33.1,Hoody Baselayer,659,620.0,30.0,4.0,9.0
AL02,33.1,Hoody Baselayer,484,456.0,28.0,3.0,0.0
AL02,33.61,Hoody Baselayer,515,502.0,13.0,2.0,0.0
AL02,33.61,Hoody Baselayer,611,607.0,4.0,0.0,0.0
AL02,33.61,Hoody Baselayer,803,785.0,18.0,2.0,0.0
AL02,33.61,Hoody Baselayer,504,499.0,5.0,0.0,0.0
AL02,33.61,Hoody Baselayer,504,499.0,5.0,0.0,0.0
AL02,33.61,Jacket Full Zip,961,925.0,34.0,4.0,2.0
AL02,33.61,Jacket Full Zip,850,842.0,8.0,0.0,0.0
AL02,33.61,Jacket Full Zip,772,760.0,12.0,2.0,0.0
AL02,33.1,Jacket Full Zip,108,90.0,18.0,2.0,0.0
AL02,33.1,Jacket Full Zip,-,,,,
AL02,33.1,Jacket Full Zip,-,,,,
AL02,33.1,Jacket Full Zip,-,,,,
AL02,33.1,Jacket Full Zip,-,,,,
AL02,33.1,Jacket Full Zip,-,,,,
AL02,33.61,Hoody Baselayer,-,,,,
AL02,33.61,Hoody Baselayer,-,,,,
AL02,33.61,Hoody Baselayer,-,,,,
AL02,33.61,Hoody Baselayer,-,,,,
AL02,33.61,Hoody Baselayer,-,,,,
AL02,33.61,Hoody Baselayer,-,,,,
AL02,33.1,Hoody Baselayer,-,,,,
AL02,33.1,Hoody Baselayer,-,,,,
AL02,33.1,Hoody Baselayer,-,,,,
AL02,33.1,Hoody Baselayer,-,,,,
AL02,33.1,Hoody Baselayer,-,,,,
AL02,33.1,Hoody Baselayer,-,,,,
,,,,,0.0,,
AL02,24.83,,766,750.0,16.0,1.0,0.0
,,,,,,,
,,,,,,,
AL02,24.56,,579,563.0,16.0,1.0,0.0
,,,,,,,
,,,,,,,
AL02,33.61,,508,496.0,12.0,0.0,0.0
,,,,,,,
,,,,,,,
AL02,33.1,,578,562.0,16.0,1.0,0.0
,,,,,,,
,,,,,,,
AL02,31.55,,579,560.0,19.0,2.0,0.0
,,,,,,,
AL05,18.83,T-shirt,111,100.0,11.0,1.0,0.0
AL05,16.55,T-shirt,79,65.0,14.0,1.0,0.0
AL05,7.98,T-shirt Baselayer,33,20.0,13.0,1.0,0.0
AL05,8.7,T-shirt Baselayer,1,1.0,0.0,0.0,0.0
AL05,7.98,T-shirt Baselayer,40,35.0,5.0,0.0,0.0
AL05,7.98,T-shirt Baselayer,4,4.0,0.0,0.0,0.0
AL05,7.98,T-shirt Baselayer,14,14.0,0.0,0.0,0.0
AL05,7.98,T-shirt Baselayer,659,657.0,2.0,0.0,0.0
AL05,7.98,T-shirt Baselayer,1030,1006.0,24.0,2.0,0.0
AL05,7.98,T-shirt Baselayer,1133,1100.0,33.0,3.0,0.0
AL05,13.8,T-shirt,301,298.0,3.0,0.0,0.0
AL05,17.27,T-shirt,264,260.0,4.0,0.0,0.0
AL05,17.27,T-shirt,11,11.0,0.0,0.0,0.0
AL05,17.27,T-shirt,263,260.0,3.0,0.0,0.0
AL05,17.27,T-shirt,11,11.0,0.0,0.0,0.0
AL05,17.27,T-shirt,158,150.0,8.0,0.0,0.0
AL05,17.27,T-shirt,298,290.0,8.0,0.0,0.0
AL05,17.27,T-shirt,6,6.0,0.0,0.0,0.0
AL05,17.27,T-shirt,11,11.0,0.0,0.0,0.0
AL05,17.27,T-shirt,30,30.0,0.0,0.0,0.0
AL05,17.27,T-shirt,114,110.0,4.0,0.0,0.0
AL05,17.27,T-shirt,165,162.0,3.0,0.0,0.0
AL05,17.27,T-shirt,292,291.0,1.0,0.0,0.0
AL05,17.27,T-shirt,196,190.0,6.0,0.0,0.0
AL05,17.27,T-shirt,5,5.0,0.0,0.0,0.0
AL05,17.27,T-shirt,434,425.0,9.0,0.0,0.0
AL05,17.27,T-shirt,458,425.0,33.0,3.0,0.0
AL05,17.27,T-shirt Polo,80,56.0,24.0,2.0,0.0
AL05,17.27,T-shirt,44,44.0,0.0,0.0,0.0
AL05,17.27,T-shirt,6,6.0,0.0,0.0,0.0
AL05,17.27,T-shirt,73,70.0,3.0,0.0,0.0
AL05,17.27,T-shirt,214,212.0,2.0,0.0,0.0
AL05,17.27,T-shirt,533,530.0,3.0,0.0,0.0
AL05,17.27,T-shirt,6,6.0,0.0,0.0,0.0
AL05,17.27,T-shirt,42,40.0,2.0,0.0,0.0
AL05,17.27,T-shirt,533,521.0,12.0,1.0,0.0
AL05,17.27,T-shirt,916,900.0,16.0,1.0,0.0
AL05,17.27,T-shirt,200,199.0,1.0,0.0,0.0
AL05,17.27,T-shirt,926,915.0,11.0,1.0,0.0
AL05,17.27,T-shirt,401,385.0,16.0,2.0,0.0
AL05,17.27,T-shirt,694,670.0,24.0,2.0,0.0
AL05,12.66,T-shirt,709,700.0,9.0,0.0,
AL05,12.66,T-shirt,6,5.0,0.0,0.0,1.0
AL05,12.66,T-shirt,217,215.0,2.0,0.0,0.0
AL05,12.66,T-shirt,1238,1208.0,30.0,4.0,0.0
AL05,12.66,T-shirt,6,6.0,0.0,0.0,0.0
AL05,12.66,T-shirt,420,396.0,24.0,2.0,0.0
AL05,12.66,T-shirt,945,940.0,5.0,0.0,0.0
AL05,12.66,T-shirt,1271,1268.0,3.0,0.0,0.0
AL05,17.27,T-shirt Crew neck,150,144.0,6.0,0.0,0.0
AL05,17.27,T-shirt Crew neck,362,350.0,12.0,1.0,0.0
AL05,17.27,T-shirt Crew neck,63,63.0,0.0,0.0,0.0
AL05,17.27,T-shirt Crew neck,79,78.0,1.0,0.0,0.0
AL05,17.27,T-shirt Crew neck,300,255.0,45.0,5.0,0.0
AL05,17.27,T-shirt Crew neck,184,180.0,4.0,0.0,0.0
AL05,17.27,T-shirt Crew neck,420,411.0,9.0,0.0,0.0
AL05,17.27,T-shirt Crew neck,287,265.0,22.0,2.0,0.0
AL05,17.27,T-shirt Crew neck,7,5.0,2.0,0.0,0.0
AL05,17.27,T-shirt Crew neck,49,49.0,0.0,0.0,0.0
AL05,17.27,T-shirt Crew neck,200,189.0,11.0,1.0,0.0
AL05,17.27,T-shirt Crew neck,4,4.0,0.0,0.0,0.0
AL05,17.27,T-shirt Crew neck,761,752.0,9.0,0.0,0.0
AL05,17.27,T-shirt Crew neck,700,666.0,34.0,2.0,0.0
AL05,17.27,T-shirt Crew neck,53,52.0,1.0,0.0,0.0
AL05,17.27,T-shirt Crew neck,210,200.0,10.0,0.0,0.0
AL05,17.27,T-shirt Crew neck,32,32.0,0.0,0.0,0.0
AL05,17.27,T-shirt Crew neck,56,55.0,1.0,0.0,0.0
AL05,17.27,T-shirt Crew neck,420,415.0,5.0,0.0,0.0
AL05,17.27,T-shirt Crew neck,210,200.0,10.0,0.0,0.0
AL05,18.83,T-shirt,206,200.0,6.0,0.0,0.0
AL05,18.83,T-shirt,148,112.0,36.0,2.0,0.0
AL05,12.66,T-shirt,506,495.0,11.0,1.0,0.0
AL05,12.66,T-shirt,434,428.0,6.0,0.0,0.0
AL05,12.66,T-shirt,302,300.0,2.0,0.0,0.0
AL05,12.66,T-shirt,372,366.0,6.0,0.0,0.0
AL05,7.98,T-shirt Baselayer,944,935.0,9.0,0.0,0.0
AL05,7.98,T-shirt Baselayer,1288,1275.0,13.0,1.0,0.0
AL05,7.98,T-shirt Baselayer,1709,1695.0,14.0,1.0,0.0
,,,,,,,0.0
AL05,8.7,,1,1.0,0.0,0.0,0.0
,,,,,,,0.0
,,,,,,,0.0
AL05,7.98,,586,575.0,11.0,1.0,0.0
,,,,,,,0.0
,,,,,,,0.0
AL05,7.98,,944,935.0,9.0,0.0,0.0
,,,,,,,0.0
,,,,,,,0.0
AL05,7.98,,14,12.0,2.0,0.0,0.0
,,,,,,,0.0
,,,,,,,0.0
AL05,7.98,,4,4.0,0.0,0.0,0.0
,,,,,,,0.0
,,,,,,,0.0
AL05,16.55,,79,78.0,1.0,0.0,0.0
,,,,,,,0.0
,,,,,,,0.0
AL05,18.83,,155,155.0,0.0,0.0,0.0
,,,,,,,0.0
,,,,,,,0.0
AL05,17.27,,239,236.0,3.0,0.0,0.0
,,,,,,,0.0
,,,,,,,0.0
AL05,12.75,,517,500.0,17.0,1.0,0.0
,,,,,,,0.0
AL06,15.18,T-shirt Baselayer,164,162.0,2.0,0.0,0.0
AL06,15.18,T-shirt Baselayer,147,140.0,7.0,0.0,0.0
AL06,15.18,T-shirt Baselayer,149,140.0,9.0,0.0,0.0
AL06,18.67,Hoody Baselayer,129,122.0,7.0,0.0,0.0
AL06,18.67,Hoody Baselayer,110,100.0,10.0,1.0,0.0
AL06,18.67,Hoody Baselayer,510,508.0,2.0,0.0,0.0
AL06,18.67,Hoody Baselayer,687,680.0,7.0,0.0,0.0
AL06,18.67,Hoody Baselayer,464,460.0,4.0,0.0,0.0
AL06,18.67,Hoody Baselayer,541,538.0,3.0,0.0,0.0
AL06,15.18,T-shirt Baselayer,258,250.0,8.0,0.0,0.0
AL06,15.18,T-shirt Baselayer,515,500.0,15.0,1.0,0.0
AL06,15.18,T-shirt Baselayer,515,502.0,13.0,1.0,0.0
AL06,15.18,T-shirt Baselayer,386,385.0,1.0,0.0,0.0
AL06,16.57,Hoody Baselayer,360,342.0,18.0,2.0,0.0
AL06,16.57,Hoody Baselayer,618,601.0,17.0,1.0,0.0
AL06,16.57,Hoody Baselayer,335,333.0,2.0,0.0,0.0
AL06,16.57,Hoody Baselayer,774,772.0,2.0,0.0,0.0
AL06,16.57,Hoody Baselayer,309,300.0,9.0,0.0,0.0
AL06,16.57,Hoody Baselayer,618,610.0,8.0,0.0,0.0
AL06,16.57,Hoody Baselayer,721,720.0,1.0,0.0,0.0
AL06,16.57,Hoody Baselayer,721,719.0,2.0,0.0,0.0
AL06,16.57,Hoody Baselayer,773,766.0,7.0,0.0,0.0
AL06,16.57,Hoody Baselayer,361,355.0,6.0,0.0,0.0
AL06,16.57,Hoody Baselayer,515,508.0,7.0,0.0,0.0
AL06,16.57,Hoody Baselayer,336,331.0,5.0,0.0,0.0
AL06,16.57,Hoody Baselayer,1174,1152.0,22.0,2.0,0.0
AL06,15.18,T-shirt Baselayer,258,250.0,8.0,0.0,0.0
AL06,15.18,T-shirt Baselayer,464,454.0,10.0,1.0,0.0
AL06,15.18,T-shirt Baselayer,280,265.0,15.0,2.0,0.0
AL06,15.18,T-shirt Baselayer,942,933.0,9.0,0.0,0.0
AL06,15.18,T-shirt Baselayer,412,410.0,2.0,0.0,0.0
AL06,15.18,T-shirt Baselayer,772,765.0,7.0,0.0,0.0
AL06,15.18,T-shirt Baselayer,1133,1124.0,9.0,0.0,0.0
AL06,11.08,T-shirt Baselayer,343,325.0,18.0,2.0,0.0
AL06,11.08,T-shirt Baselayer,1030,1014.0,16.0,1.0,0.0
AL06,11.08,T-shirt Baselayer,265,260.0,5.0,0.0,0.0
AL06,11.08,T-shirt Baselayer,721,714.0,7.0,0.0,0.0
AL06,11.08,T-shirt Baselayer,722,720.0,2.0,0.0,0.0
AL06,11.08,T-shirt Baselayer,876,865.0,11.0,1.0,0.0
AL06,11.08,T-shirt Baselayer,1391,1378.0,13.0,1.0,0.0
AL06,11.08,T-shirt Baselayer,592,588.0,4.0,0.0,0.0
AL06,11.08,T-shirt Baselayer,670,645.0,23.0,3.0,2.0
AL06,18.67,Hoody Baselayer,415,410.0,5.0,0.0,0.0
AL06,18.67,Hoody Baselayer,1031,1025.0,6.0,0.0,0.0
AL06,18.67,Hoody Baselayer,515,500.0,15.0,2.0,0.0
AL06,18.67,Hoody Baselayer,515,499.0,16.0,2.0,0.0
AL06,18.67,Hoody Baselayer,840,820.0,20.0,2.0,0.0
AL06,18.67,Hoody Baselayer,1051,1035.0,16.0,3.0,0.0
AL06,18.67,Hoody Baselayer,258,,,,
AL06,18.67,Hoody Baselayer,1020,,,,
AL06,18.67,Hoody Baselayer,629,,,,
AL06,18.67,Hoody Baselayer,611,,,,
AL06,18.67,Hoody Baselayer,824,,,,
AL06,18.67,Hoody Baselayer,273,,,,
AL06,18.67,Hoody Baselayer,773,,,,
AL06,11.08,T-shirt Baselayer,520,,,,
AL06,11.08,T-shirt Baselayer,584,,,,
AL06,11.08,T-shirt Baselayer,515,,,,
AL06,11.08,T-shirt Baselayer,570,,,,
AL06,11.08,T-shirt Baselayer,708,,,,
AL06,11.08,T-shirt Baselayer,912,,,,
AL06,11.08,T-shirt Baselayer,366,,,,
AL06,11.08,T-shirt Baselayer,1511,,,,
AL06,9.13,T-shirt Baselayer,262,,,,
AL06,9.13,T-shirt Baselayer,670,,,,
AL06,9.13,T-shirt Baselayer,515,,,,
AL06,9.13,T-shirt Baselayer,525,,,,
AL06,15.18,T-shirt Baselayer,335,,,,
AL06,15.18,T-shirt Baselayer,371,,,,
AL06,15.18,T-shirt Baselayer,273,,,,
AL06,15.18,T-shirt Baselayer,515,,,,
AL06,15.18,T-shirt Baselayer,816,,,,
AL06,15.18,T-shirt Baselayer,671,,,,
AL06,16.57,Hoody Baselayer,462,,,,
AL06,16.57,Hoody Baselayer,412,,,,
AL06,16.57,Hoody Baselayer,428,,,,
AL06,16.57,Hoody Baselayer,542,,,,
AL06,16.57,Hoody Baselayer,721,,,,
AL06,16.57,Hoody Baselayer,336,,,,
AL06,16.57,Hoody Baselayer,721,,,,
AL06,16.57,Hoody Baselayer,942,,,,
AL06,16.57,Hoody Baselayer,530,,,,
AL06,16.57,Hoody Baselayer,1185,,,,
AL06,15.18,T-shirt Baselayer,303,,,,
AL06,15.18,T-shirt Baselayer,-,,,,
AL06,15.18,T-shirt Baselayer,-,,,,
AL06,15.18,T-shirt Baselayer,-,,,,
AL06,15.18,T-shirt Baselayer,-,,,,
AL06,18.67,Hoody Baselayer,-,,,,
AL06,18.67,Hoody Baselayer,-,,,,
AL06,18.67,Hoody Baselayer,-,,,,
AL06,18.67,Hoody Baselayer,-,,,,
AL06,18.67,Hoody Baselayer,-,,,,
AL06,18.67,Hoody Baselayer,-,,,,
AL06,11.08,T-shirt Baselayer,-,,,,
AL06,11.08,T-shirt Baselayer,-,,,,
AL06,11.08,T-shirt Baselayer,-,,,,
,,,,,,,
AL06,16.57,,604,,,,
,,,,,,,
,,,,,,,
AL06,9.13,,493,,,,
,,,,,,,
,,,,,,,
AL06,11.08,,723,,,,
,,,,,,,
,,,,,,,
AL06,15.18,,461,,,,
,,,,,,,
,,,,,,,
AL06,18.67,,589,,,,
,,,,,,,
,,,,,,,
AL06,15.31,,584,,,,
,,,,,,,
AL08,7.98,T-shirt Baselayer,40,,,,
AL08,11.08,T-shirt Baselayer,171,,,,
AL08,7.98,T-shirt Baselayer,4,,,,
AL08,7.98,T-shirt Baselayer,791,,,,
AL08,7.98,T-shirt Baselayer,490,,,,
AL08,7.98,T-shirt Baselayer,180,,,,
AL08,7.98,T-shirt Baselayer,1030,,,,
AL08,12.45,Bra Sports bra,52,,,,
AL08,11.08,T-shirt Baselayer,160,,,,
AL08,11.1,T-shirt Baselayer,270,,,,
AL08,11.1,T-shirt Baselayer,515,,,,
AL08,11.1,T-shirt Baselayer,439,,,,
AL08,11.1,T-shirt Baselayer,412,,,,
AL08,11.1,T-shirt Baselayer,490,,,,
AL08,11.1,T-shirt Baselayer,515,,,,
AL08,11.1,T-shirt Baselayer,412,,,,
AL08,11.1,T-shirt Baselayer,516,,,,
AL08,11.1,T-shirt Baselayer,605,,,,
AL08,9.13,T-shirt Baselayer,568,,,,
AL08,9.13,T-shirt Baselayer,498,,,,
AL08,9.13,T-shirt Baselayer,335,,,,
AL08,9.13,T-shirt Baselayer,438,,,,
AL08,9.13,T-shirt Baselayer,552,,,,
AL08,12.45,Bra Sports bra,466,,,,
AL08,12.45,Bra Sports bra,621,,,,
AL08,8.01,Projections,1099,,,,
AL08,11.1,T-shirt Baselayer,232,,,,
AL08,11.1,T-shirt Baselayer,360,,,,
AL08,11.1,T-shirt Baselayer,582,,,,
AL08,11.1,T-shirt Baselayer,258,,,,
AL08,11.1,T-shirt Baselayer,464,,,,
AL08,11.1,T-shirt Baselayer,876,,,,
AL08,13.02,Projections,510,,,,
AL08,13.02,Projections,701,,,,
AL08,13.02,Projections,878,,,,
AL08,11.1,T-shirt Baselayer,-,,,,
AL08,11.1,T-shirt Baselayer,-,,,,
AL08,11.1,T-shirt Baselayer,-,,,,
AL08,11.1,T-shirt Baselayer,-,,,,
AL08,9.13,T-shirt Baselayer,-,,,,
AL08,9.13,T-shirt Baselayer,-,,,,
AL08,9.13,T-shirt Baselayer,-,,,,
AL08,9.13,T-shirt Baselayer,-,,,,
,,,,,,,
AL08,12.45,,380,,,,
,,,,,,,
,,,,,,,
AL08,7.98,,422,,,,
,,,,,,,
,,,,,,,
AL08,11.1,,463,,,,
,,,,,,,
,,,,,,,
AL08,9.13,,478,,,,
,,,,,,,
,,,,,,,
AL08,11.08,,166,,,,
,,,,,,,
,,,,,,,
AL08,13.02,,696,,,,
,,,,,,,
,,,,,,,
AL08,8.01,,1099,,,,
,,,,,,,
,,,,,,,
AL08,10.41,,472,,,,
,,,,,,,
AL09,11.24,Hoody Baselayer,2,,,,
AL09,11.24,Hoody Baselayer,670,,,,
AL09,11.24,Hoody Baselayer,721,,,,
AL09,11.24,Hoody Baselayer,258,,,,
AL09,11.24,Hoody Baselayer,515,,,,
AL09,10.14,Hoody Baselayer,696,,,,
AL09,10.14,Hoody Baselayer,772,,,,
AL09,10.14,Hoody Baselayer,517,,,,
AL09,10.14,Hoody Baselayer,515,,,,
AL09,10.14,Hoody Baselayer,858,,,,
AL09,10.14,Hoody Baselayer,515,,,,
AL09,10.14,Hoody Baselayer,914,,,,
AL09,10.14,Hoody Baselayer,670,,,,
AL09,10.14,Hoody Baselayer,696,,,,
AL09,11.24,Hoody Baselayer,696,,,,
AL09,11.24,Hoody Baselayer,464,,,,
AL09,11.24,Hoody Baselayer,671,,,,
AL09,7.98,T-shirt Baselayer,1326,,,,
AL09,10.97,T-shirt Baselayer,248,,,,
AL09,10.97,T-shirt Baselayer,310,,,,
AL09,10.97,T-shirt Baselayer,309,,,,
AL09,10.97,T-shirt Baselayer,310,,,,
AL09,7.98,T-shirt Baselayer,386,,,,
AL09,7.98,T-shirt Baselayer,258,,,,
AL09,7.98,T-shirt Baselayer,773,,,,
AL09,7.98,T-shirt Baselayer,659,,,,
AL09,7.98,T-shirt Baselayer,618,,,,
AL09,7.98,T-shirt Baselayer,1082,,,,
AL09,11.24,Hoody Baselayer,258,,,,
AL09,11.24,Hoody Baselayer,481,,,,
AL09,11.24,Hoody Baselayer,481,,,,
AL09,11.24,Hoody Baselayer,567,,,,
AL09,11.24,Hoody Baselayer,258,,,,
AL09,11.24,Hoody Baselayer,618,,,,
AL09,10.14,Hoody Baselayer,670,,,,
AL09,10.14,Hoody Baselayer,670,,,,
AL09,10.14,Hoody Baselayer,567,,,,
AL09,10.14,Hoody Baselayer,515,,,,
AL09,10.14,Hoody Baselayer,412,,,,
AL09,10.14,Hoody Baselayer,824,,,,
AL09,10.14,Hoody Baselayer,1107,,,,
AL09,10.14,Hoody Baselayer,1133,,,,
AL09,10.14,Hoody Baselayer,284,,,,
AL09,10.14,Hoody Baselayer,1185,,,,
AL09,10.14,Hoody Baselayer,360,,,,
AL09,10.14,Hoody Baselayer,850,,,,
AL09,10.14,Hoody Baselayer,1069,,,,
AL09,10.14,Hoody Baselayer,-,,,,
AL09,11.24,Hoody Baselayer,-,,,,
AL09,11.24,Hoody Baselayer,-,,,,
AL09,11.24,Hoody Baselayer,-,,,,
AL09,11.24,Hoody Baselayer,-,,,,
AL09,11.24,Hoody Baselayer,-,,,,
,,,,,,,
AL09,10.97,,294,,,,
,,,,,,,
,,,,,,,
AL09,7.98,,786,,,,
,,,,,,,
,,,,,,,
AL09,10.14,,718,,,,
,,,,,,,
,,,,,,,
AL09,7.98,,1326,,,,
,,,,,,,
,,,,,,,
AL09,7.98,,472,,,,
,,,,,,,
,,,,,,,
AL09,11.24,,475,,,,
,,,,,,,
,,,,,,,
AL09,10.31,,611,,,,
,,,,,,,
AL10,23.31,T-shirt Baselayer,242,,,,
AL10,30.98,Jacket Baselayer,61,,,,
AL10,30.98,Jacket Baselayer,38,,,,
AL10,22.7,Bra Sports bra,6,,,,
AL10,22.7,Bra Sports bra,62,,,,
AL10,22.7,Bra Sports bra,188,,,,
AL10,22.7,Bra Sports bra,445,,,,
AL10,23.31,T-shirt Baselayer,253,,,,
AL10,24.54,Bra Sports bra,258,,,,
AL10,24.54,Bra Sports bra,386,,,,
AL10,24.54,Bra Sports bra,515,,,,
AL10,24.54,Bra Sports bra,541,,,,
AL10,24.54,Bra Sports bra,284,,,,
AL10,24.54,Bra Sports bra,258,,,,
AL10,17.49,Bra Sports bra,490,,,,
AL10,17.49,Bra Sports bra,360,,,,
AL10,26.26,Bra Sports bra,220,,,,
AL10,26.26,Bra Sports bra,405,,,,
AL10,26.08,Bra Sports bra,747,,,,
AL10,26.08,Bra Sports bra,378,,,,
AL10,26.08,Bra Sports bra,627,,,,
AL10,24.28,Bra Sports bra,72,,,,
AL10,24.28,Bra Sports bra,115,,,,
AL10,22.7,Bra Sports bra,172,,,,
AL10,22.7,Bra Sports bra,258,,,,
AL10,22.7,Bra Sports bra,296,,,,
AL10,22.7,Bra Sports bra,515,,,,
AL10,33.3,Hoody Baselayer,288,,,,
AL10,33.3,Hoody Baselayer,323,,,,
AL10,33.3,Hoody Baselayer,515,,,,
AL10,30.98,Jacket Baselayer,270,,,,
AL10,30.98,Jacket Baselayer,490,,,,
AL10,30.98,Jacket Baselayer,644,,,,
AL10,30.98,Jacket Baselayer,414,,,,
AL10,24.48,Hoody Baselayer,309,,,,
AL10,24.48,Hoody Baselayer,360,,,,
AL10,24.48,Hoody Baselayer,618,,,,
AL10,22.7,Bra Sports bra,258,,,,
AL10,22.7,Bra Sports bra,270,,,,
AL10,22.7,Bra Sports bra,541,,,,
AL10,23.31,T-shirt Baselayer,206,,,,
AL10,23.31,T-shirt Baselayer,344,,,,
AL10,23.31,T-shirt Baselayer,309,,,,
AL10,23.31,T-shirt Baselayer,619,,,,
AL10,24.99,T-shirt,10,,,,
AL10,24.99,T-shirt,317,,,,
AL10,24.99,T-shirt,171,,,,
AL10,24.99,T-shirt,138,,,,
AL10,24.99,T-shirt,384,,,,
AL10,24.99,T-shirt,477,,,,
AL10,15.99,Hoody Baselayer,431,,,,
AL10,15.99,Hoody Baselayer,878,,,,
AL10,15.99,Hoody Baselayer,-,,,,
AL10,15.99,Hoody Baselayer,-,,,,
AL10,24.99,T-shirt,-,,,,
AL10,24.99,T-shirt,-,,,,
AL10,24.99,T-shirt,-,,,,
AL10,24.99,T-shirt,-,,,,
AL10,20.58,Tank Top Baselayer,-,,,,
AL10,20.58,Tank Top Baselayer,-,,,,
,,,,,,,
AL10,17.49,,425,,,,
,,,,,,,
,,,,,,,
AL10,24.54,,374,,,,
,,,,,,,
,,,,,,,
AL10,22.7,,274,,,,
,,,,,,,
,,,,,,,
AL10,26.15,,475,,,,
,,,,,,,
,,,,,,,
AL10,24.28,,94,,,,
,,,,,,,
,,,,,,,
AL10,30.98,,320,,,,
,,,,,,,
,,,,,,,
AL10,23.31,,329,,,,
,,,,,,,
,,,,,,,
AL10,15.99,,655,,,,
,,,,,,,
,,,,,,,
AL10,24.48,,429,,,,
,,,,,,,
,,,,,,,
AL10,33.3,,375,,,,
,,,,,,,
,,,,,,,
AL10,20.58,,-,,,,
,,,,,,,
,,,,,,,
AL10,24.99,,249,,,,
,,,,,,,
,,,,,,,
AL10,24.42,,342,,,,
,,,,,,,
AL12,7.98,T-shirt Baselayer,774,,,,
AL12,7.98,T-shirt Baselayer,721,,,,
AL12,7.98,T-shirt Baselayer,1216,,,,
AL12,8.7,T-shirt Baselayer,13,,,,
AL12,7.98,T-shirt Baselayer,798,,,,
AL12,7.98,T-shirt Baselayer,1159,,,,
AL12,7.98,T-shirt Baselayer,1133,,,,
,,,,,,,
AL12,8.7,,13,,,,
,,,,,,,
,,,,,,,
AL12,7.98,,748,,,,
,,,,,,,
,,,,,,,
AL12,7.98,,1216,,,,
,,,,,,,
,,,,,,,
AL12,7.98,,1030,,,,
,,,,,,,
,,,,,,,
AL12,8.08,,831,,,,
,,,,,,,
AL13,27.48,Hoody,34,,,,
AL13,27.48,Hoody,34,,,,
AL13,27.48,Hoody,334,,,,
AL13,27.48,Hoody,10,,,,
AL13,27.48,Hoody,111,,,,
AL13,27.48,Hoody,79,,,,
AL13,27.48,Hoody,75,,,,
AL13,27.48,Hoody,83,,,,
AL13,27.48,Hoody,213,,,,
AL13,27.48,Hoody,426,,,,
AL13,27.48,Hoody,179,,,,
AL13,27.48,Hoody,71,,,,
AL13,27.48,Hoody,122,,,,
AL13,27.48,Hoody,10,,,,
AL13,27.48,Hoody,416,,,,
AL13,27.48,Hoody,268,,,,
AL13,27.48,Hoody,135,,,,
AL13,27.48,Hoody,400,,,,
AL13,27.48,Hoody,10,,,,
AL13,27.48,Hoody,24,,,,
AL13,27.48,Hoody,103,,,,
AL13,27.48,Hoody,288,,,,
AL13,27.48,Hoody,787,,,,
AL13,27.48,Hoody,50,,,,
AL13,27.48,Hoody,156,,,,
AL13,27.48,Hoody,169,,,,
AL13,27.48,Hoody,286,,,,
AL13,27.48,Hoody,224,,,,
AL13,27.48,Hoody,264,,,,
AL13,27.48,Hoody,346,,,,
AL13,27.48,Hoody,206,,,,
AL13,27.48,Hoody,307,,,,
AL13,27.48,Hoody,168,,,,
AL13,27.48,Hoody,494,,,,
AL13,27.48,Hoody,364,,,,
AL13,27.48,Hoody,408,,,,
AL13,7.98,T-shirt Baselayer,1837,,,,
AL13,27.48,Hoody,30,,,,
AL13,27.48,Hoody,123,,,,
AL13,27.48,Hoody,182,,,,
AL13,27.48,Hoody,112,,,,
AL13,27.48,Hoody,228,,,,
AL13,27.48,Hoody,132,,,,
AL13,27.48,Hoody,271,,,,
AL13,27.48,Hoody,144,,,,
AL13,27.48,Hoody,293,,,,
AL13,27.48,Hoody,217,,,,
AL13,27.48,Hoody,488,,,,
AL13,27.48,Hoody,304,,,,
AL13,27.48,Hoody,548,,,,
AL13,27.48,Hoody,28,,,,
AL13,27.48,Hoody,35,,,,
AL13,27.48,Hoody,79,,,,
AL13,27.48,Hoody,91,,,,
AL13,27.48,Hoody,76,,,,
AL13,27.48,Hoody,240,,,,
AL13,27.48,Hoody,306,,,,
AL13,28.96,T-shirt,10,,,,
AL13,28.96,T-shirt,20,,,,
AL13,28.96,T-shirt,74,,,,
AL13,28.96,T-shirt,96,,,,
AL13,28.96,T-shirt,236,,,,
AL13,28.96,T-shirt,145,,,,
AL13,28.96,T-shirt,160,,,,
AL13,28.96,T-shirt,480,,,,
AL13,28.96,T-shirt,10,,,,
AL13,28.96,T-shirt,21,,,,
AL13,28.96,T-shirt,66,,,,
AL13,28.96,T-shirt,260,,,,
AL13,28.96,T-shirt,168,,,,
AL13,28.96,T-shirt,456,,,,
AL13,28.96,T-shirt,316,,,,
AL13,28.96,T-shirt,514,,,,
AL13,28.96,T-shirt,542,,,,
AL13,28.96,T-shirt,10,,,,
AL13,28.96,T-shirt,229,,,,
AL13,28.96,T-shirt,175,,,,
AL13,21.59,Tank Top,10,,,,
AL13,21.59,Tank Top,53,,,,
AL13,21.59,Tank Top,54,,,,
AL13,21.59,Tank Top,121,,,,
AL13,21.59,Tank Top,195,,,,
AL13,21.59,Tank Top,115,,,,
AL13,21.59,Tank Top,454,,,,
AL13,21.59,Tank Top,10,,,,
AL13,21.59,Tank Top,21,,,,
AL13,21.59,Tank Top,46,,,,
AL13,21.59,Tank Top,116,,,,
AL13,21.59,Tank Top,380,,,,
AL13,21.59,Tank Top,202,,,,
AL13,21.59,Tank Top,436,,,,
AL13,21.59,Tank Top,456,,,,
AL13,21.59,Tank Top,10,,,,
AL13,21.59,Tank Top,11,,,,
AL13,21.59,Tank Top,31,,,,
AL13,21.59,Tank Top,76,,,,
AL13,21.59,Tank Top,321,,,,
AL13,21.59,Tank Top,263,,,,
AL13,14.98,Tank Top,10,,,,
AL13,14.98,Tank Top,21,,,,
AL13,14.98,Tank Top,73,,,,
AL13,14.98,Tank Top,116,,,,
AL13,14.98,Tank Top,233,,,,
AL13,14.98,Tank Top,241,,,,
AL13,14.98,Tank Top,258,,,,
AL13,14.98,Tank Top,748,,,,
AL13,14.98,Tank Top,10,,,,
AL13,14.98,Tank Top,39,,,,
AL13,14.98,Tank Top,105,,,,
AL13,14.98,Tank Top,101,,,,
AL13,14.98,Tank Top,386,,,,
AL13,14.98,Tank Top,440,,,,
AL13,14.98,Tank Top,235,,,,
AL13,14.98,Tank Top,10,,,,
AL13,14.98,Tank Top,41,,,,
AL13,14.98,Tank Top,170,,,,
AL13,14.98,Tank Top,265,,,,
AL13,14.98,Tank Top,164,,,,
AL13,14.98,Tank Top,334,,,,
AL13,16.84,T-shirt,15,,,,
AL13,16.84,T-shirt,78,,,,
AL13,16.84,T-shirt,224,,,,
AL13,16.84,T-shirt,216,,,,
AL13,16.84,T-shirt,91,,,,
AL13,16.84,T-shirt,-,,,,
AL13,16.84,T-shirt,-,,,,
AL13,16.84,T-shirt,-,,,,
AL13,16.84,T-shirt,-,,,,
AL13,16.84,T-shirt,-,,,,
AL13,16.84,T-shirt,-,,,,
AL13,16.84,T-shirt,-,,,,
AL13,16.84,T-shirt,-,,,,
AL13,16.84,T-shirt,-,,,,
AL13,16.84,T-shirt,-,,,,
AL13,16.84,T-shirt,-,,,,
AL13,16.84,T-shirt,-,,,,
AL13,16.84,T-shirt,-,,,,
AL13,16.84,T-shirt,-,,,,
AL13,16.84,T-shirt,-,,,,
AL13,16.84,T-shirt,-,,,,
AL13,16.84,T-shirt,-,,,,
AL13,16.84,T-shirt,-,,,,
AL13,16.84,T-shirt,-,,,,
AL13,16.84,T-shirt,-,,,,
AL13,16.84,T-shirt,-,,,,
AL13,16.84,T-shirt,-,,,,
AL13,16.84,T-shirt,-,,,,
AL13,16.84,T-shirt,-,,,,
AL13,16.84,T-shirt,-,,,,
AL13,16.84,T-shirt,-,,,,
AL13,16.84,T-shirt,-,,,,
AL13,16.84,T-shirt,-,,,,
AL13,16.84,T-shirt,-,,,,
AL13,16.84,T-shirt,-,,,,
AL13,16.84,T-shirt,-,,,,
AL13,16.84,T-shirt,-,,,,
AL13,16.84,T-shirt,-,,,,
AL13,16.84,T-shirt,-,,,,
AL13,16.84,T-shirt,-,,,,
AL13,16.84,T-shirt,-,,,,
AL13,16.84,T-shirt,-,,,,
AL13,16.84,T-shirt,-,,,,
AL13,16.84,T-shirt,-,,,,
AL13,16.84,T-shirt,-,,,,
AL13,16.84,T-shirt,-,,,,
AL13,16.84,T-shirt,-,,,,
,,,,,,,
AL13,7.98,,1837,,,,
,,,,,,,
,,,,,,,
AL13,16.84,,125,,,,
,,,,,,,
,,,,,,,
AL13,21.59,,161,,,,
,,,,,,,
,,,,,,,
AL13,28.96,,199,,,,
,,,,,,,
,,,,,,,
AL13,14.98,,190,,,,
,,,,,,,
,,,,,,,
AL13,27.48,,207,,,,
,,,,,,,
,,,,,,,
AL13,22.2,,205,,,,
,,,,,,,
AL15,7.98,T-shirt Baselayer,58,,,,
AL15,7.98,T-shirt Baselayer,543,,,,
AL15,7.98,T-shirt Baselayer,1207,,,,
AL15,7.98,T-shirt Baselayer,1001,,,,
AL15,14.46,T-shirt Baselayer,421,,,,
AL15,14.46,T-shirt Baselayer,652,,,,
AL15,14.46,T-shirt Baselayer,601,,,,
AL15,9.9,T-shirt Baselayer,412,,,,
AL15,9.9,T-shirt Baselayer,953,,,,
AL15,9.9,T-shirt Baselayer,618,,,,
AL15,12.34,Pant Baselayer,137,,,,
AL15,12.34,Pant Baselayer,308,,,,
AL15,12.34,Pant Baselayer,344,,,,
AL15,22.88,Pant Baselayer,309,,,,
AL15,21.8,Pant Baselayer,219,,,,
AL15,6.15,Projections,19,,,,
AL15,6.15,Projections,512,,,,
AL15,6.15,Projections,810,,,,
AL15,6.15,Projections,101,,,,
AL15,6.15,Projections,75,,,,
AL15,6.15,Projections,90,,,,
AL15,6.15,Projections,14,,,,
AL15,6.15,Projections,35,,,,
AL15,6.15,Projections,132,,,,
AL15,6.15,Projections,1284,,,,
AL15,6.15,Projections,1366,,,,
AL15,6.15,Projections,1670,,,,
AL15,5.39,Boxer Boxer,13,,,,
AL15,5.39,Boxer Boxer,621,,,,
AL15,5.39,Boxer Boxer,90,,,,
AL15,5.39,Boxer Boxer,74,,,,
AL15,5.39,Boxer Boxer,37,,,,
AL15,5.39,Boxer Boxer,90,,,,
AL15,5.39,Boxer Boxer,53,,,,
AL15,5.39,Boxer Boxer,678,,,,
AL15,5.39,Boxer Boxer,53,,,,
AL15,5.39,Boxer Boxer,54,,,,
AL15,5.39,Boxer Boxer,37,,,,
AL15,5.39,Boxer Boxer,13,,,,
AL15,5.39,Boxer Boxer,886,,,,
AL15,5.39,Boxer Boxer,1084,,,,
AL15,5.39,Boxer Boxer,616,,,,
AL15,5.39,Boxer Boxer,90,,,,
AL15,5.39,Boxer Boxer,53,,,,
AL15,5.39,Boxer Boxer,74,,,,
AL15,5.39,Boxer Boxer,31,,,,
AL15,5.39,Boxer Boxer,13,,,,
AL15,5.39,Boxer Boxer,1006,,,,
AL15,5.39,Boxer Boxer,12,,,,
AL15,5.39,Boxer Boxer,188,,,,
AL15,5.39,Boxer Boxer,458,,,,
AL15,5.39,Boxer Boxer,523,,,,
AL15,5.39,Boxer Boxer,641,,,,
AL15,5.37,Boxer Boxer,410,,,,
AL15,5.37,Boxer Boxer,500,,,,
AL15,6.15,Projections,574,,,,
AL15,6.15,Projections,100,,,,
AL15,6.15,Projections,85,,,,
AL15,6.15,Projections,24,,,,
AL15,6.15,Projections,145,,,,
AL15,6.15,Projections,12,,,,
AL15,6.15,Projections,32,,,,
AL15,6.15,Projections,312,,,,
AL15,6.15,Projections,962,,,,
,,,,,,,
AL15,21.8,,219,,,,
,,,,,,,
,,,,,,,
AL15,22.88,,309,,,,
,,,,,,,
,,,,,,,
AL15,7.98,,755,,,,
,,,,,,,
,,,,,,,
AL15,7.98,,543,,,,
,,,,,,,
,,,,,,,
AL15,14.46,,558,,,,
,,,,,,,
,,,,,,,
AL15,9.9,,661,,,,
,,,,,,,
,,,,,,,
AL15,12.34,,263,,,,
,,,,,,,
,,,,,,,
AL15,5.37,,455,,,,
,,,,,,,
,,,,,,,
AL15,5.39,,288,,,,
,,,,,,,
,,,,,,,
AL15,6.15,,398,,,,
,,,,,,,
AL16,7.98,T-shirt Baselayer,3,,,,
AL16,7.98,T-shirt Baselayer,1267,,,,
AL16,7.98,T-shirt Baselayer,1056,,,,
AL16,7.98,T-shirt Baselayer,1476,,,,
AL16,7.98,T-shirt Baselayer,798,,,,
AL16,7.98,T-shirt Baselayer,1339,,,,
AL16,13.98,Pant Baselayer,296,,,,
AL16,13.98,Pant Baselayer,360,,,,
AL16,13.98,Pant Baselayer,644,,,,
AL16,14.09,Pant Baselayer,245,,,,
AL16,14.09,Pant Baselayer,515,,,,
AL16,14.09,Pant Baselayer,284,,,,
AL16,5.39,Boxer Boxer,176,,,,
AL16,5.39,Boxer Boxer,171,,,,
AL16,5.37,Boxer Boxer,13,,,,
AL16,5.37,Boxer Boxer,208,,,,
AL16,5.37,Boxer Boxer,170,,,,
AL16,5.37,Boxer Boxer,248,,,,
AL16,5.37,Boxer Boxer,103,,,,
AL16,5.37,Boxer Boxer,37,,,,
AL16,5.37,Boxer Boxer,74,,,,
AL16,5.37,Boxer Boxer,580,,,,
AL16,5.37,Boxer Boxer,186,,,,
AL16,5.37,Boxer Boxer,708,,,,
AL16,5.37,Boxer Boxer,37,,,,
AL16,5.37,Boxer Boxer,13,,,,
AL16,5.37,Boxer Boxer,126,,,,
AL16,5.37,Boxer Boxer,103,,,,
AL16,5.37,Boxer Boxer,16,,,,
AL16,5.37,Boxer Boxer,13,,,,
AL16,5.37,Boxer Boxer,1182,,,,
AL16,5.37,Boxer Boxer,724,,,,
AL16,5.37,Boxer Boxer,503,,,,
AL16,5.37,Boxer Boxer,308,,,,
AL16,5.37,Boxer Boxer,12,,,,
AL16,5.37,Boxer Boxer,892,,,,
AL16,5.37,Boxer Boxer,544,,,,
AL16,11.0,Projections,662,,,,
AL16,11.0,Projections,828,,,,
AL16,11.0,Projections,946,,,,
,,,,,,,
AL16,14.09,,348,,,,
,,,,,,,
,,,,,,,
AL16,13.98,,434,,,,
,,,,,,,
,,,,,,,
AL16,7.98,,1266,,,,
,,,,,,,
,,,,,,,
AL16,7.98,,3,,,,
,,,,,,,
,,,,,,,
AL16,7.98,,1069,,,,
,,,,,,,
,,,,,,,
AL16,5.37,,296,,,,
,,,,,,,
,,,,,,,
AL16,5.39,,174,,,,
,,,,,,,
,,,,,,,
AL16,11.0,,812,,,,
,,,,,,,
,,,,,,,
AL16,7.48,,447,,,,
,,,,,,,
AL17,13.11,Short Baselayer,42,,,,
AL17,13.98,Pant Baselayer,89,,,,
AL17,18.28,Tight Leggings,48,,,,
AL17,18.28,Tight Leggings,10,,,,
AL17,26.63,Tight Leggings,172,,,,
AL17,26.63,Tight Leggings,515,,,,
AL17,21.8,Pant Baselayer,361,,,,
AL17,21.8,Pant Baselayer,258,,,,
AL17,13.0,Projections,412,,,,
AL17,24.75,Dress Dress,232,,,,
AL17,24.75,Dress Dress,451,,,,
AL17,24.75,Dress Dress,560,,,,
AL17,24.75,Dress Dress,501,,,,
AL17,24.75,Dress Dress,642,,,,
AL17,24.75,Dress Dress,678,,,,
AL17,19.2,Short Baselayer,558,,,,
AL17,19.2,Short Baselayer,773,,,,
AL17,19.2,Short Baselayer,1030,,,,
AL17,19.2,Short Baselayer,945,,,,
AL17,19.2,Normal Skirt Skort,985,,,,
AL17,24.75,Dress Dress,520,,,,
AL17,13.98,Pant Baselayer,258,,,,
AL17,13.98,Pant Baselayer,343,,,,
AL17,13.98,Pant Baselayer,1039,,,,
AL17,7.98,T-shirt Baselayer,1833,,,,
AL17,7.98,T-shirt Baselayer,1202,,,,
AL17,7.98,T-shirt Baselayer,1957,,,,
AL17,7.98,T-shirt Baselayer,1082,,,,
AL17,7.98,T-shirt Baselayer,1906,,,,
AL17,7.98,T-shirt Baselayer,1726,,,,
AL17,7.98,T-shirt Baselayer,2575,,,,
AL17,7.98,T-shirt Baselayer,2352,,,,
AL17,7.98,T-shirt Baselayer,284,,,,
AL17,7.98,T-shirt Baselayer,824,,,,
AL17,7.98,T-shirt Baselayer,877,,,,
AL17,7.98,T-shirt Baselayer,1108,,,,
AL17,7.98,T-shirt Baselayer,412,,,,
AL17,7.98,T-shirt Baselayer,1520,,,,
AL17,7.98,T-shirt Baselayer,1288,,,,
,,,,,,,
AL17,26.63,,343,,,,
,,,,,,,
,,,,,,,
AL17,18.28,,29,,,,
,,,,,,,
,,,,,,,
AL17,21.8,,309,,,,
,,,,,,,
,,,,,,,
AL17,13.98,,432,,,,
,,,,,,,
,,,,,,,
AL17,7.98,,1833,,,,
,,,,,,,
,,,,,,,
AL17,7.98,,1822,,,,
,,,,,,,
,,,,,,,
AL17,7.98,,1837,,,,
,,,,,,,
,,,,,,,
AL17,7.98,,1082,,,,
,,,,,,,
,,,,,,,
AL17,7.98,,662,,,,
,,,,,,,
,,,,,,,
AL17,13.11,,42,,,,
,,,,,,,
,,,,,,,
AL17,19.2,,858,,,,
,,,,,,,
,,,,,,,
AL17,24.75,,512,,,,
,,,,,,,
,,,,,,,
AL17,13.0,,412,,,,
,,,,,,,
,,,,,,,
AL17,15.5,,830,,,,
,,,,,,,
AL20,8.7,Boxer Boxer,22,,,,
AL20,8.23,Boxer Boxer,29,,,,
AL20,8.38,Boxer Boxer,124,,,,
AL20,8.7,Boxer Boxer,400,,,,
AL20,8.7,Boxer Boxer,1030,,,,
AL20,8.23,Boxer Boxer,337,,,,
AL20,7.98,T-shirt Baselayer,1082,,,,
AL20,7.98,T-shirt Baselayer,1107,,,,
AL20,7.98,T-shirt Baselayer,1305,,,,
AL20,7.98,T-shirt Baselayer,1503,,,,
AL20,7.98,T-shirt Baselayer,748,,,,
AL20,7.98,T-shirt Baselayer,1279,,,,
AL20,7.98,T-shirt Baselayer,276,,,,
AL20,7.98,T-shirt Baselayer,1440,,,,
AL20,7.98,T-shirt Baselayer,618,,,,
AL20,7.98,T-shirt Baselayer,1236,,,,
AL20,7.98,T-shirt Baselayer,284,,,,
AL20,7.98,T-shirt Baselayer,1390,,,,
AL20,7.98,T-shirt Baselayer,841,,,,
AL20,7.98,T-shirt Baselayer,1751,,,,
AL20,7.98,T-shirt Baselayer,1004,,,,
AL20,7.98,T-shirt Baselayer,1202,,,,
AL20,7.98,T-shirt Baselayer,824,,,,
AL20,7.98,T-shirt Baselayer,773,,,,
AL20,7.98,T-shirt Baselayer,412,,,,
AL20,7.98,T-shirt Baselayer,1133,,,,
AL20,7.98,T-shirt Baselayer,502,,,,
AL20,7.98,T-shirt Baselayer,1184,,,,
AL20,7.98,T-shirt Baselayer,979,,,,
AL20,7.98,T-shirt Baselayer,772,,,,
AL20,7.98,T-shirt Baselayer,953,,,,
AL20,7.98,T-shirt Baselayer,1545,,,,
AL20,7.98,T-shirt Baselayer,738,,,,
AL20,7.98,T-shirt Baselayer,1442,,,,
AL20,7.98,T-shirt Baselayer,850,,,,
AL20,7.98,T-shirt Baselayer,978,,,,
AL20,7.98,T-shirt Baselayer,1017,,,,
AL20,7.98,T-shirt Baselayer,1627,,,,
AL20,7.98,T-shirt Baselayer,876,,,,
,,,,,,,
AL20,8.7,,484,,,,
,,,,,,,
,,,,,,,
AL20,8.38,,124,,,,
,,,,,,,
,,,,,,,
AL20,8.23,,183,,,,
,,,,,,,
,,,,,,,
AL20,7.98,,1083,,,,
,,,,,,,
,,,,,,,
AL20,7.98,,1182,,,,
,,,,,,,
,,,,,,,
AL20,7.98,,1010,,,,
,,,,,,,
,,,,,,,
AL20,7.98,,980,,,,
,,,,,,,
,,,,,,,
AL20,7.98,,705,,,,
,,,,,,,
,,,,,,,
AL20,8.06,,913,,,,
,,,,,,,
AL21,10.95,T-shirt Baselayer,192,,,,
AL21,14.86,T-shirt Baselayer,48,,,,
AL21,13.93,T-shirt,144,,,,
AL21,13.93,T-shirt,6,,,,
AL21,13.93,T-shirt,33,,,,
AL21,13.93,T-shirt,128,,,,
AL21,13.93,T-shirt,147,,,,
AL21,13.93,T-shirt,481,,,,
AL21,13.93,T-shirt,111,,,,
AL21,13.93,T-shirt,152,,,,
AL21,13.93,T-shirt,277,,,,
AL21,13.93,T-shirt,153,,,,
AL21,13.93,T-shirt,6,,,,
AL21,13.93,T-shirt,487,,,,
AL21,13.93,T-shirt,6,,,,
AL21,13.93,T-shirt,26,,,,
AL21,13.93,T-shirt,6,,,,
AL21,13.93,T-shirt,26,,,,
AL21,13.93,T-shirt,6,,,,
AL21,13.93,T-shirt,13,,,,
AL21,13.93,T-shirt,612,,,,
AL21,16.55,T-shirt Long sleeve,83,,,,
AL21,15.99,Hoody Baselayer,360,,,,
AL21,15.99,Hoody Baselayer,360,,,,
AL21,15.99,Hoody Baselayer,360,,,,
AL21,20.58,Tank Top Baselayer,378,,,,
AL21,20.58,Tank Top Baselayer,566,,,,
AL21,20.58,Tank Top Baselayer,567,,,,
AL21,20.58,Tank Top Baselayer,696,,,,
AL21,17.5,Tank Top Baselayer,412,,,,
AL21,17.5,Tank Top Baselayer,515,,,,
AL21,17.5,Tank Top Baselayer,772,,,,
AL21,15.99,Hoody Baselayer,335,,,,
AL21,15.99,Hoody Baselayer,464,,,,
AL21,15.99,Hoody Baselayer,772,,,,
AL21,13.93,T-shirt Crew neck,44,,,,
AL21,13.93,T-shirt Crew neck,130,,,,
AL21,13.93,T-shirt Crew neck,27,,,,
AL21,13.93,T-shirt Crew neck,38,,,,
AL21,13.93,T-shirt Crew neck,65,,,,
AL21,13.93,T-shirt,612,,,,
AL21,13.93,T-shirt Crew neck,265,,,,
AL21,13.93,T-shirt Crew neck,295,,,,
AL21,13.93,T-shirt Crew neck,25,,,,
AL21,13.93,T-shirt Crew neck,105,,,,
AL21,13.93,T-shirt Crew neck,139,,,,
AL21,13.93,T-shirt Crew neck,284,,,,
AL21,13.93,T-shirt Crew neck,277,,,,
AL21,13.93,T-shirt Crew neck,735,,,,
AL21,13.93,T-shirt Crew neck,60,,,,
AL21,13.93,T-shirt Crew neck,60,,,,
AL21,13.93,T-shirt Crew neck,97,,,,
AL21,13.93,T-shirt Crew neck,263,,,,
AL21,13.93,T-shirt Crew neck,356,,,,
AL21,13.93,T-shirt Crew neck,210,,,,
AL21,13.93,T-shirt Crew neck,30,,,,
AL21,13.93,T-shirt Crew neck,355,,,,
AL21,13.93,T-shirt Crew neck,883,,,,
AL21,13.93,T-shirt Crew neck,97,,,,
AL21,13.93,T-shirt Crew neck,158,,,,
AL21,13.93,T-shirt Crew neck,309,,,,
AL21,13.93,T-shirt Crew neck,184,,,,
AL21,13.93,T-shirt Crew neck,420,,,,
AL21,13.93,T-shirt Crew neck,97,,,,
AL21,13.93,T-shirt Crew neck,210,,,,
AL21,13.93,T-shirt Crew neck,356,,,,
AL21,13.93,T-shirt Crew neck,184,,,,
AL21,13.93,T-shirt Crew neck,53,,,,
AL21,13.93,T-shirt Crew neck,525,,,,
AL21,28.66,T-shirt,1,,,,
AL21,28.66,T-shirt,8,,,,
AL21,28.66,T-shirt,33,,,,
AL21,28.66,T-shirt,40,,,,
AL21,28.66,T-shirt,103,,,,
AL21,28.66,T-shirt,109,,,,
AL21,28.66,T-shirt,87,,,,
AL21,28.66,T-shirt,390,,,,
AL21,28.66,T-shirt,191,,,,
AL21,28.66,T-shirt,107,,,,
AL21,28.66,T-shirt,138,,,,
AL21,28.66,T-shirt,167,,,,
AL21,28.66,T-shirt,85,,,,
AL21,28.66,T-shirt,234,,,,
AL21,28.66,T-shirt,180,,,,
AL21,28.66,T-shirt,454,,,,
AL21,28.66,T-shirt,347,,,,
AL21,28.66,T-shirt,10,,,,
AL21,28.66,T-shirt,23,,,,
AL21,28.66,T-shirt,54,,,,
AL21,28.66,T-shirt,96,,,,
AL21,28.66,T-shirt,108,,,,
AL21,28.66,T-shirt,209,,,,
AL21,28.66,T-shirt,111,,,,
AL21,28.66,T-shirt,266,,,,
AL21,28.66,T-shirt,182,,,,
AL21,28.66,T-shirt,462,,,,
AL21,28.66,T-shirt,10,,,,
AL21,28.66,T-shirt,53,,,,
AL21,28.66,T-shirt,152,,,,
AL21,28.66,T-shirt,134,,,,
AL21,28.66,T-shirt,270,,,,
AL21,28.66,T-shirt,312,,,,
AL21,28.66,T-shirt,226,,,,
AL21,28.66,T-shirt,320,,,,
AL21,28.66,T-shirt,329,,,,
AL21,28.66,T-shirt,372,,,,
AL21,28.66,T-shirt,10,,,,
AL21,28.66,T-shirt,5,,,,
AL21,28.66,T-shirt,5,,,,
AL21,28.66,T-shirt,57,,,,
AL21,28.66,T-shirt,128,,,,
AL21,28.66,T-shirt,131,,,,
AL21,28.66,T-shirt,167,,,,
AL21,28.66,T-shirt,173,,,,
AL21,28.66,T-shirt,463,,,,
AL21,28.66,T-shirt,-,,,,
AL21,28.66,T-shirt,-,,,,
AL21,28.66,T-shirt,-,,,,
AL21,28.66,T-shirt,-,,,,
AL21,28.66,T-shirt,-,,,,
AL21,28.66,T-shirt,-,,,,
AL21,28.66,T-shirt,-,,,,
AL21,28.66,T-shirt,-,,,,
AL21,28.66,T-shirt,-,,,,
AL21,28.66,T-shirt,-,,,,
AL21,28.66,T-shirt,-,,,,
AL21,28.66,T-shirt,-,,,,
AL21,28.66,T-shirt,-,,,,
AL21,28.66,T-shirt,-,,,,
AL21,28.66,T-shirt,-,,,,
AL21,28.66,T-shirt,-,,,,
AL21,28.66,T-shirt,-,,,,
AL21,28.66,T-shirt,-,,,,
AL21,28.66,T-shirt,-,,,,
AL21,28.66,T-shirt,-,,,,
AL21,28.66,T-shirt,-,,,,
AL21,28.66,T-shirt,-,,,,
AL21,28.66,T-shirt,-,,,,
,,,,,,,
AL21,15.99,,442,,,,
,,,,,,,
,,,,,,,
AL21,14.86,,48,,,,
,,,,,,,
,,,,,,,
AL21,10.95,,192,,,,
,,,,,,,
,,,,,,,
AL21,17.5,,566,,,,
,,,,,,,
,,,,,,,
AL21,20.58,,552,,,,
,,,,,,,
,,,,,,,
AL21,16.55,,83,,,,
,,,,,,,
,,,,,,,
AL21,13.93,,227,,,,
,,,,,,,
,,,,,,,
AL21,13.93,,14,,,,
,,,,,,,
,,,,,,,
AL21,28.66,,163,,,,
,,,,,,,
AL22,13.93,T-shirt,346,,,,
AL22,13.93,T-shirt,296,,,,
AL22,17.35,T-shirt,5,,,,
AL22,13.93,T-shirt,518,,,,
AL22,13.93,T-shirt,6,,,,
AL22,13.93,T-shirt,435,,,,
AL22,13.93,T-shirt,196,,,,
AL22,13.93,T-shirt,181,,,,
AL22,13.93,T-shirt,314,,,,
AL22,13.93,T-shirt,480,,,,
AL22,13.93,T-shirt,1,,,,
AL22,13.93,T-shirt,156,,,,
AL22,13.93,T-shirt,602,,,,
,,,,,,,
AL22,17.35,,5,,,,
,,,,,,,
,,,,,,,
AL22,13.93,,294,,,,
,,,,,,,
,,,,,,,
AL22,14.19,,272,,,,
,,,,,,,
AL23,14.92,T-shirt Baselayer,611,,,,
AL23,14.92,T-shirt Baselayer,3,,,,
AL23,14.92,T-shirt Baselayer,144,,,,
AL23,20.59,T-shirt,84,,,,
AL23,20.59,T-shirt,36,,,,
AL23,20.59,T-shirt,13,,,,
AL23,20.59,T-shirt,155,,,,
AL23,20.59,T-shirt,76,,,,
AL23,20.59,T-shirt,210,,,,
AL23,20.59,T-shirt,6,,,,
AL23,20.59,T-shirt,8,,,,
AL23,20.59,T-shirt,50,,,,
AL23,20.59,T-shirt,16,,,,
AL23,20.59,T-shirt,137,,,,
AL23,20.59,T-shirt,157,,,,
AL23,20.59,T-shirt,479,,,,
AL23,20.81,T-shirt,6,,,,
AL23,20.81,T-shirt,147,,,,
AL23,20.81,T-shirt,6,,,,
AL23,20.81,T-shirt,76,,,,
AL23,20.81,T-shirt,6,,,,
AL23,20.81,T-shirt,38,,,,
AL23,20.59,T-shirt,25,,,,
AL23,20.59,T-shirt,84,,,,
AL23,20.59,T-shirt,6,,,,
AL23,20.59,T-shirt,158,,,,
AL23,20.59,T-shirt,272,,,,
AL23,20.59,T-shirt,184,,,,
AL23,20.59,T-shirt,479,,,,
AL23,20.59,T-shirt Polo,66,,,,
AL23,20.59,T-shirt Polo,34,,,,
AL23,20.59,T-shirt Polo,76,,,,
AL23,13.77,Tank Top Baselayer,38,,,,
AL23,13.77,Tank Top Baselayer,74,,,,
AL23,11.34,T-shirt Crew neck,44,,,,
AL23,18.44,T-shirt Polo,44,,,,
AL23,18.44,T-shirt Polo,34,,,,
AL23,16.57,T-shirt Baselayer,682,,,,
AL23,26.27,Jacket Baselayer,326,,,,
AL23,26.27,Jacket Baselayer,618,,,,
AL23,19.13,T-shirt Baselayer,361,,,,
AL23,19.13,T-shirt Baselayer,309,,,,
AL23,19.13,T-shirt Baselayer,515,,,,
AL23,26.27,Jacket Baselayer,403,,,,
AL23,26.27,Jacket Baselayer,458,,,,
AL23,14.92,T-shirt Baselayer,348,,,,
AL23,14.92,T-shirt Baselayer,490,,,,
AL23,14.92,T-shirt Baselayer,360,,,,
AL23,14.92,T-shirt Baselayer,438,,,,
AL23,16.84,T-shirt,30,,,,
AL23,16.84,T-shirt,80,,,,
AL23,16.84,T-shirt,88,,,,
AL23,16.84,T-shirt,138,,,,
AL23,16.84,T-shirt,310,,,,
AL23,16.84,T-shirt,178,,,,
AL23,16.84,T-shirt,202,,,,
AL23,16.84,T-shirt,448,,,,
AL23,16.84,T-shirt,319,,,,
AL23,16.84,T-shirt,379,,,,
AL23,16.84,T-shirt,738,,,,
AL23,16.84,T-shirt,125,,,,
AL23,16.84,T-shirt,191,,,,
AL23,16.84,T-shirt,444,,,,
AL23,16.84,T-shirt,238,,,,
AL23,16.84,T-shirt,260,,,,
AL23,16.84,T-shirt,571,,,,
AL23,16.84,T-shirt,387,,,,
AL23,15.45,Tank Top,10,,,,
AL23,15.45,Tank Top,178,,,,
AL23,15.45,Tank Top,144,,,,
AL23,15.45,Tank Top,366,,,,
AL23,15.45,Tank Top,529,,,,
AL23,15.45,Tank Top,514,,,,
AL23,15.45,Tank Top,10,,,,
AL23,15.45,Tank Top,127,,,,
AL23,15.45,Tank Top,286,,,,
AL23,15.45,Tank Top,293,,,,
AL23,15.45,Tank Top,651,,,,
AL23,15.45,Tank Top,432,,,,
AL23,15.45,Tank Top,10,,,,
AL23,15.45,Tank Top,97,,,,
AL23,15.45,Tank Top,104,,,,
AL23,15.45,Tank Top,237,,,,
AL23,15.45,Tank Top,327,,,,
AL23,15.45,Tank Top,254,,,,
AL23,16.84,T-shirt,125,,,,
AL23,16.84,T-shirt,446,,,,
AL23,16.84,T-shirt,22,,,,
AL23,16.84,T-shirt,-,,,,
AL23,16.84,T-shirt,-,,,,
AL23,16.84,T-shirt,-,,,,
AL23,16.84,T-shirt,-,,,,
AL23,16.84,T-shirt,-,,,,
AL23,16.84,T-shirt,-,,,,
AL23,16.84,T-shirt,-,,,,
AL23,16.84,T-shirt,-,,,,
AL23,16.84,T-shirt,-,,,,
AL23,16.84,T-shirt,-,,,,
AL23,16.84,T-shirt,-,,,,
AL23,16.84,T-shirt,-,,,,
AL23,16.84,T-shirt,-,,,,
AL23,16.84,T-shirt,-,,,,
AL23,16.84,T-shirt,-,,,,
,,,,,,,
AL23,14.92,,342,,,,
,,,,,,,
,,,,,,,
AL23,19.13,,395,,,,
,,,,,,,
,,,,,,,
AL23,16.57,,682,,,,
,,,,,,,
,,,,,,,
AL23,26.27,,452,,,,
,,,,,,,
,,,,,,,
AL23,18.44,,44,,,,
,,,,,,,
,,,,,,,
AL23,18.44,,34,,,,
,,,,,,,
,,,,,,,
AL23,20.81,,46,,,,
,,,,,,,
,,,,,,,
AL23,20.59,,122,,,,
,,,,,,,
,,,,,,,
AL23,13.77,,56,,,,
,,,,,,,
,,,,,,,
AL23,11.34,,44,,,,
,,,,,,,
,,,,,,,
AL23,16.84,,272,,,,
,,,,,,,
,,,,,,,
AL23,15.45,,254,,,,
,,,,,,,
,,,,,,,
AL23,17.88,,224,,,,
,,,,,,,
AL25,18.01,T-shirt,189,,,,
AL25,18.01,T-shirt,10,,,,
AL25,18.01,T-shirt,766,,,,
AL25,18.01,T-shirt,78,,,,
AL25,18.01,T-shirt,857,,,,
AL25,18.01,T-shirt,380,,,,
AL25,16.84,T-shirt,1196,,,,
AL25,16.84,T-shirt,779,,,,
AL25,14.39,T-shirt Baselayer,412,,,,
AL25,14.39,T-shirt Baselayer,412,,,,
AL25,14.49,T-shirt Baselayer,670,,,,
AL25,14.49,T-shirt Baselayer,618,,,,
AL25,14.49,T-shirt Baselayer,567,,,,
AL25,14.49,T-shirt Baselayer,773,,,,
AL25,14.39,T-shirt Baselayer,387,,,,
AL25,14.39,T-shirt Baselayer,1545,,,,
AL25,14.39,T-shirt Baselayer,721,,,,
AL25,16.14,T-shirt Baselayer,464,,,,
AL25,16.14,T-shirt Baselayer,566,,,,
AL25,15.72,T-shirt Baselayer,258,,,,
AL25,15.72,T-shirt Baselayer,772,,,,
AL25,15.91,T-shirt Baselayer,515,,,,
AL25,15.91,T-shirt Baselayer,516,,,,
AL25,15.91,T-shirt Baselayer,515,,,,
AL25,14.48,T-shirt Baselayer,284,,,,
AL25,14.48,T-shirt Baselayer,927,,,,
AL25,14.48,T-shirt Baselayer,284,,,,
AL25,14.39,T-shirt Baselayer,515,,,,
AL25,14.39,T-shirt Baselayer,515,,,,
AL25,14.39,T-shirt Baselayer,258,,,,
AL25,14.39,T-shirt Baselayer,618,,,,
AL25,14.39,T-shirt Baselayer,425,,,,
AL25,14.39,T-shirt Baselayer,953,,,,
AL25,14.39,T-shirt Baselayer,464,,,,
AL25,16.14,T-shirt Baselayer,464,,,,
AL25,16.14,T-shirt Baselayer,515,,,,
AL25,16.14,T-shirt Baselayer,348,,,,
AL25,16.31,T-shirt Baselayer,377,,,,
AL25,16.31,T-shirt Baselayer,514,,,,
AL25,16.31,T-shirt Baselayer,464,,,,
AL25,14.7,Tank Top Baselayer,515,,,,
AL25,14.7,Tank Top Baselayer,412,,,,
AL25,14.7,Tank Top Baselayer,258,,,,
AL25,14.7,Tank Top Baselayer,515,,,,
AL25,18.4,Jacket Baselayer,172,,,,
AL25,18.4,Jacket Baselayer,515,,,,
AL25,18.4,Jacket Baselayer,360,,,,
AL25,17.78,Jacket Baselayer,275,,,,
AL25,17.78,Jacket Baselayer,360,,,,
AL25,17.78,Jacket Baselayer,424,,,,
AL25,15.91,T-shirt Baselayer,565,,,,
AL25,15.91,T-shirt Baselayer,258,,,,
AL25,15.91,T-shirt Baselayer,490,,,,
AL25,15.72,T-shirt Baselayer,361,,,,
AL25,15.72,T-shirt Baselayer,515,,,,
AL25,15.72,T-shirt Baselayer,825,,,,
AL25,14.48,T-shirt Baselayer,258,,,,
AL25,14.48,T-shirt Baselayer,566,,,,
AL25,14.48,T-shirt Baselayer,270,,,,
AL25,14.49,T-shirt Baselayer,824,,,,
AL25,14.49,T-shirt Baselayer,399,,,,
AL25,14.49,T-shirt Baselayer,515,,,,
AL25,14.49,T-shirt Baselayer,438,,,,
AL25,14.39,T-shirt Baselayer,618,,,,
AL25,14.39,T-shirt Baselayer,322,,,,
AL25,14.39,T-shirt Baselayer,721,,,,
AL25,14.39,T-shirt Baselayer,515,,,,
AL25,18.01,T-shirt,20,,,,
AL25,18.01,T-shirt,49,,,,
AL25,18.01,T-shirt,72,,,,
AL25,18.01,T-shirt,136,,,,
AL25,18.01,T-shirt,157,,,,
AL25,18.01,T-shirt,202,,,,
AL25,18.01,T-shirt,469,,,,
AL25,18.01,T-shirt,291,,,,
AL25,18.01,T-shirt,294,,,,
AL25,18.01,T-shirt,526,,,,
AL25,18.01,T-shirt,50,,,,
AL25,18.01,T-shirt,64,,,,
AL25,18.01,T-shirt,74,,,,
AL25,18.01,T-shirt,219,,,,
AL25,18.01,T-shirt,330,,,,
AL25,18.01,T-shirt,178,,,,
AL25,18.01,T-shirt,450,,,,
AL25,18.01,T-shirt,363,,,,
AL25,18.01,T-shirt,19,,,,
AL25,18.01,T-shirt,128,,,,
AL25,18.01,T-shirt,69,,,,
AL25,18.01,T-shirt,141,,,,
AL25,18.01,T-shirt,188,,,,
AL25,18.01,T-shirt,279,,,,
AL25,18.01,T-shirt,192,,,,
AL25,18.01,T-shirt,516,,,,
AL25,16.84,T-shirt,366,,,,
AL25,14.49,T-shirt Baselayer,361,,,,
AL25,14.49,T-shirt Baselayer,463,,,,
AL25,14.49,T-shirt Baselayer,811,,,,
AL25,14.39,T-shirt Baselayer,567,,,,
AL25,14.39,T-shirt Baselayer,138,,,,
AL25,14.39,T-shirt Baselayer,-,,,,
AL25,14.39,T-shirt Baselayer,-,,,,
AL25,29.4,T-shirt,-,,,,
AL25,29.4,T-shirt,-,,,,
AL25,29.4,T-shirt,-,,,,
AL25,29.4,T-shirt,-,,,,
AL25,29.4,T-shirt,-,,,,
AL25,29.4,T-shirt,-,,,,
AL25,29.4,T-shirt,-,,,,
,,,,,,,
AL25,17.78,,353,,,,
,,,,,,,
,,,,,,,
AL25,18.4,,349,,,,
,,,,,,,
,,,,,,,
AL25,15.72,,546,,,,
,,,,,,,
,,,,,,,
AL25,15.91,,476,,,,
,,,,,,,
,,,,,,,
AL25,14.49,,585,,,,
,,,,,,,
,,,,,,,
AL25,14.48,,431,,,,
,,,,,,,
,,,,,,,
AL25,16.14,,471,,,,
,,,,,,,
,,,,,,,
AL25,14.39,,572,,,,
,,,,,,,
,,,,,,,
AL25,14.39,,533,,,,
,,,,,,,
,,,,,,,
AL25,16.31,,452,,,,
,,,,,,,
,,,,,,,
AL25,14.7,,425,,,,
,,,,,,,
,,,,,,,
AL25,16.84,,780,,,,
,,,,,,,
,,,,,,,
AL25,18.01,,242,,,,
,,,,,,,
,,,,,,,
AL25,29.4,,-,,,,
,,,,,,,
,,,,,,,
AL25,17.02,,428,,,,
,,,,,,,
AL30,15.24,T-shirt,172,,,,
AL30,24.96,T-shirt,21,,,,
AL30,24.96,T-shirt,91,,,,
AL30,24.96,T-shirt,328,,,,
AL30,24.96,T-shirt,706,,,,
AL30,24.96,T-shirt,34,,,,
AL30,24.96,T-shirt,70,,,,
AL30,24.96,T-shirt,622,,,,
AL30,24.96,T-shirt,53,,,,
AL30,24.96,T-shirt,370,,,,
AL30,24.96,T-shirt,6,,,,
AL30,24.96,T-shirt,161,,,,
AL30,24.96,T-shirt,436,,,,
AL30,24.96,T-shirt,212,,,,
AL30,24.96,T-shirt,6,,,,
AL30,24.96,T-shirt,105,,,,
AL30,24.96,T-shirt,158,,,,
AL30,24.96,T-shirt,135,,,,
AL30,24.96,T-shirt,130,,,,
AL30,24.96,T-shirt,1,,,,
AL30,24.96,T-shirt,152,,,,
AL30,24.96,T-shirt,348,,,,
AL30,25.35,T-shirt,6,,,,
AL30,25.35,T-shirt,158,,,,
AL30,25.35,T-shirt,6,,,,
AL30,25.35,T-shirt,32,,,,
AL30,25.35,T-shirt,6,,,,
AL30,25.35,T-shirt,192,,,,
AL30,25.35,T-shirt,32,,,,
AL30,25.35,T-shirt,6,,,,
AL30,25.35,T-shirt,6,,,,
AL30,25.35,T-shirt,32,,,,
AL30,25.35,T-shirt,6,,,,
AL30,25.35,T-shirt,383,,,,
AL30,24.96,T-shirt,6,,,,
AL30,24.96,T-shirt Polo,42,,,,
AL30,24.96,T-shirt Polo,81,,,,
AL30,24.96,T-shirt,162,,,,
AL30,24.96,T-shirt,147,,,,
AL30,24.96,T-shirt,315,,,,
AL30,24.96,T-shirt,220,,,,
AL30,24.96,T-shirt,6,,,,
AL30,24.96,T-shirt,145,,,,
AL30,24.96,T-shirt,209,,,,
AL30,24.96,T-shirt,187,,,,
AL30,24.96,T-shirt,602,,,,
AL30,24.96,T-shirt,6,,,,
AL30,24.96,T-shirt,16,,,,
AL30,24.96,T-shirt,130,,,,
AL30,24.96,T-shirt,76,,,,
AL30,24.96,T-shirt,226,,,,
AL30,24.96,T-shirt,309,,,,
AL30,24.96,T-shirt,6,,,,
AL30,24.96,T-shirt,206,,,,
AL30,24.96,T-shirt,561,,,,
AL30,24.96,T-shirt,436,,,,
AL30,24.96,T-shirt,754,,,,
AL30,24.96,T-shirt,598,,,,
AL30,24.96,T-shirt Polo,29,,,,
AL30,24.96,T-shirt Polo,50,,,,
AL30,24.96,T-shirt Polo,60,,,,
AL30,24.96,T-shirt Polo,384,,,,
AL30,24.96,T-shirt Polo,21,,,,
AL30,24.96,T-shirt Polo,126,,,,
AL30,24.96,T-shirt Polo,79,,,,
AL30,24.96,T-shirt Polo,224,,,,
AL30,24.96,T-shirt Polo,384,,,,
AL30,24.96,T-shirt Polo,184,,,,
AL30,24.96,T-shirt Polo,420,,,,
AL30,24.96,T-shirt Polo,284,,,,
AL30,24.96,T-shirt Polo,41,,,,
AL30,24.96,T-shirt Polo,219,,,,
AL30,24.96,T-shirt Polo,92,,,,
AL30,24.96,T-shirt Polo,176,,,,
AL30,24.96,T-shirt Polo,28,,,,
AL30,24.96,T-shirt Polo,570,,,,
AL30,24.96,T-shirt Polo,39,,,,
AL30,24.96,T-shirt Polo,55,,,,
AL30,24.96,T-shirt Polo,87,,,,
AL30,24.96,T-shirt Polo,342,,,,
AL30,24.96,T-shirt Polo,55,,,,
AL30,24.96,T-shirt Polo,139,,,,
AL30,24.96,T-shirt Polo,155,,,,
AL30,24.96,T-shirt Polo,174,,,,
AL30,24.96,T-shirt Polo,136,,,,
AL30,24.96,T-shirt Polo,565,,,,
AL30,24.96,T-shirt Polo,176,,,,
AL30,24.96,T-shirt Polo,702,,,,
AL30,24.96,T-shirt Polo,182,,,,
AL30,24.96,T-shirt Polo,547,,,,
AL30,24.96,T-shirt Polo,158,,,,
AL30,24.96,T-shirt Polo,184,,,,
AL30,24.96,T-shirt Polo,368,,,,
AL30,24.96,T-shirt Polo,126,,,,
AL30,24.96,T-shirt Polo,158,,,,
AL30,24.96,T-shirt Polo,59,,,,
AL30,24.96,T-shirt Polo,122,,,,
AL30,24.96,T-shirt Polo,368,,,,
AL30,24.96,T-shirt Polo,21,,,,
AL30,24.96,T-shirt Polo,126,,,,
AL30,24.96,T-shirt Polo,158,,,,
AL30,24.96,T-shirt Polo,84,,,,
AL30,24.96,T-shirt Polo,473,,,,
AL30,25.35,T-shirt Polo,32,,,,
AL30,25.35,T-shirt Polo,3,,,,
AL30,25.35,T-shirt Polo,6,,,,
AL30,25.35,T-shirt Polo,32,,,,
AL30,25.35,T-shirt Polo,6,,,,
AL30,25.35,T-shirt Polo,32,,,,
AL30,25.35,T-shirt Polo,6,,,,
AL30,22.39,T-shirt Polo,26,,,,
AL30,22.39,T-shirt Polo,72,,,,
AL30,22.39,T-shirt Polo,98,,,,
AL30,22.39,T-shirt Polo,79,,,,
AL30,22.39,T-shirt Polo,232,,,,
AL30,22.39,T-shirt Polo,398,,,,
AL30,22.39,T-shirt Polo,16,,,,
AL30,22.39,T-shirt Polo,6,,,,
AL30,17.63,T-shirt,438,,,,
AL30,17.63,T-shirt,6,,,,
AL30,17.63,T-shirt,6,,,,
AL30,17.63,T-shirt,700,,,,
,,,,,,,
AL30,25.35,,17,,,,
,,,,,,,
,,,,,,,
AL30,17.63,,287,,,,
,,,,,,,
,,,,,,,
AL30,24.96,,208,,,,
,,,,,,,
,,,,,,,
AL30,25.35,,72,,,,
,,,,,,,
,,,,,,,
AL30,15.24,,172,,,,
,,,,,,,
,,,,,,,
AL30,22.39,,116,,,,
,,,,,,,
,,,,,,,
AL30,24.53,,180,,,,
,,,,,,,
AL31,18.01,T-shirt,17,,,,
AL31,18.01,T-shirt,74,,,,
AL31,18.01,T-shirt,10,,,,
AL31,18.01,T-shirt,312,,,,
AL31,18.01,T-shirt,86,,,,
AL31,18.01,T-shirt,818,,,,
AL31,18.01,T-shirt,469,,,,
AL31,16.84,T-shirt,701,,,,
AL31,16.84,T-shirt,563,,,,
AL31,16.84,T-shirt,324,,,,
AL31,16.84,T-shirt,167,,,,
AL31,16.84,T-shirt,55,,,,
AL31,16.84,T-shirt,414,,,,
AL31,16.84,T-shirt,383,,,,
AL31,16.84,T-shirt,784,,,,
AL31,19.13,T-shirt Baselayer,296,,,,
AL31,19.13,T-shirt Baselayer,395,,,,
AL31,19.13,T-shirt Baselayer,515,,,,
AL31,19.13,T-shirt Baselayer,335,,,,
AL31,24.56,T-shirt Baselayer,277,,,,
AL31,24.56,T-shirt Baselayer,567,,,,
AL31,24.56,T-shirt Baselayer,554,,,,
AL31,24.56,T-shirt Baselayer,515,,,,
AL31,18.01,T-shirt,60,,,,
AL31,18.01,T-shirt,118,,,,
AL31,18.01,T-shirt,243,,,,
AL31,18.01,T-shirt,181,,,,
AL31,18.01,T-shirt,478,,,,
AL31,18.01,T-shirt,286,,,,
AL31,18.01,T-shirt,390,,,,
AL31,18.01,T-shirt,293,,,,
AL31,18.01,T-shirt,727,,,,
AL31,18.01,T-shirt,14,,,,
AL31,18.01,T-shirt,52,,,,
AL31,18.01,T-shirt,85,,,,
AL31,18.01,T-shirt,207,,,,
AL31,18.01,T-shirt,272,,,,
AL31,18.01,T-shirt,158,,,,
AL31,18.01,T-shirt,1,,,,
AL31,18.01,T-shirt,102,,,,
AL31,18.01,T-shirt,151,,,,
AL31,18.01,T-shirt,256,,,,
AL31,18.01,T-shirt,285,,,,
AL31,18.01,T-shirt,164,,,,
AL31,18.01,T-shirt,451,,,,
AL31,18.01,T-shirt,229,,,,
AL31,18.01,T-shirt,370,,,,
AL31,18.01,T-shirt,3,,,,
AL31,18.01,T-shirt,30,,,,
AL31,18.01,T-shirt,158,,,,
AL31,18.01,T-shirt,168,,,,
AL31,18.01,T-shirt,172,,,,
AL31,18.01,T-shirt,232,,,,
AL31,18.01,T-shirt,158,,,,
AL31,18.01,T-shirt,650,,,,
AL31,16.27,T-shirt,183,,,,
AL31,16.27,T-shirt,214,,,,
AL31,16.27,T-shirt,223,,,,
AL31,16.27,T-shirt,469,,,,
AL31,16.27,T-shirt,308,,,,
AL31,16.27,T-shirt,382,,,,
AL31,16.27,T-shirt,612,,,,
AL31,16.27,T-shirt,426,,,,
AL31,16.27,T-shirt,453,,,,
AL31,16.27,T-shirt,588,,,,
AL31,16.27,T-shirt,890,,,,
AL31,16.27,T-shirt,628,,,,
AL31,16.84,T-shirt,40,,,,
AL31,16.84,T-shirt,56,,,,
AL31,16.84,T-shirt,109,,,,
AL31,16.84,T-shirt,126,,,,
AL31,16.84,T-shirt,131,,,,
AL31,16.84,T-shirt,284,,,,
AL31,16.84,T-shirt,34,,,,
AL31,16.84,T-shirt,126,,,,
AL31,16.84,T-shirt,246,,,,
AL31,16.84,T-shirt,328,,,,
AL31,16.84,T-shirt,336,,,,
AL31,16.84,T-shirt,464,,,,
AL31,16.84,T-shirt,482,,,,
AL31,16.84,T-shirt,730,,,,
AL31,16.84,T-shirt,701,,,,
AL31,16.27,T-shirt,117,,,,
AL31,16.27,T-shirt,162,,,,
AL31,16.27,T-shirt,346,,,,
AL31,16.27,T-shirt,222,,,,
AL31,16.27,T-shirt,358,,,,
AL31,16.27,T-shirt,678,,,,
AL31,16.27,T-shirt,10,,,,
AL31,16.27,T-shirt,194,,,,
AL31,16.27,T-shirt,460,,,,
AL31,16.27,T-shirt,236,,,,
AL31,16.27,T-shirt,507,,,,
AL31,16.27,T-shirt,324,,,,
AL31,16.27,T-shirt,812,,,,
AL31,19.13,Jacket Full Zip,412,,,,
AL31,19.13,Jacket Full Zip,622,,,,
AL31,19.13,Jacket Full Zip,-,,,,
AL31,16.27,T-shirt,-,,,,
AL31,16.27,T-shirt,-,,,,
AL31,16.27,T-shirt,-,,,,
AL31,16.27,T-shirt,-,,,,
AL31,16.27,T-shirt,-,,,,
AL31,16.27,T-shirt,-,,,,
AL31,16.27,T-shirt,-,,,,
AL31,16.27,T-shirt,-,,,,
AL31,16.27,T-shirt,-,,,,
AL31,16.27,T-shirt,-,,,,
AL31,16.27,T-shirt,-,,,,
AL31,16.27,T-shirt,-,,,,
AL31,16.27,T-shirt,-,,,,
AL31,16.27,T-shirt,-,,,,
AL31,16.27,T-shirt,-,,,,
AL31,16.27,T-shirt,-,,,,
AL31,16.27,T-shirt,-,,,,
AL31,16.27,T-shirt,-,,,,
AL31,16.27,T-shirt,-,,,,
AL31,16.27,T-shirt,-,,,,
AL31,16.27,T-shirt,-,,,,
AL31,16.27,T-shirt,-,,,,
AL31,16.27,T-shirt,-,,,,
,,,,,,,
AL31,19.13,,429,,,,
,,,,,,,
,,,,,,,
AL31,24.56,,478,,,,
,,,,,,,
,,,,,,,
AL31,16.84,,330,,,,
,,,,,,,
,,,,,,,
AL31,18.01,,235,,,,
,,,,,,,
,,,,,,,
AL31,16.27,,392,,,,
,,,,,,,
,,,,,,,
AL31,18.01,,17,,,,
,,,,,,,
,,,,,,,
AL31,17.38,,318,,,,
,,,,,,,
AL32,16.84,T-shirt,48,,,,
AL32,16.84,T-shirt,77,,,,
AL32,16.84,T-shirt,113,,,,
AL32,16.84,T-shirt,6,,,,
AL32,16.84,T-shirt,83,,,,
AL32,16.84,T-shirt,10,,,,
AL32,16.84,T-shirt,293,,,,
AL32,16.84,T-shirt,361,,,,
AL32,16.84,T-shirt,10,,,,
AL32,16.84,T-shirt,375,,,,
AL32,16.84,T-shirt,746,,,,
AL32,16.84,T-shirt,322,,,,
AL32,16.84,T-shirt,256,,,,
AL32,16.84,T-shirt,897,,,,
AL32,16.84,T-shirt,10,,,,
AL32,16.84,T-shirt,148,,,,
AL32,16.84,T-shirt,542,,,,
AL32,16.84,T-shirt,706,,,,
AL32,16.84,T-shirt,496,,,,
AL32,16.84,T-shirt,384,,,,
AL32,16.84,T-shirt,559,,,,
AL32,16.84,T-shirt,536,,,,
AL32,16.84,T-shirt,699,,,,
AL32,16.84,T-shirt,43,,,,
AL32,16.84,T-shirt,22,,,,
AL32,16.84,T-shirt,63,,,,
AL32,16.84,T-shirt,95,,,,
AL32,16.84,T-shirt,123,,,,
AL32,16.84,T-shirt,144,,,,
AL32,16.84,T-shirt,629,,,,
AL32,16.84,T-shirt,3,,,,
AL32,16.84,T-shirt,53,,,,
AL32,16.84,T-shirt,193,,,,
AL32,16.84,T-shirt,232,,,,
AL32,16.84,T-shirt,240,,,,
AL32,16.84,T-shirt,306,,,,
AL32,16.84,T-shirt,204,,,,
AL32,16.84,T-shirt,356,,,,
AL32,16.84,T-shirt,716,,,,
AL32,16.84,T-shirt,507,,,,
AL32,16.84,T-shirt,328,,,,
AL32,16.84,T-shirt,500,,,,
AL32,16.84,T-shirt,623,,,,
AL32,16.84,T-shirt,581,,,,
AL32,16.84,T-shirt,453,,,,
AL32,16.84,T-shirt,997,,,,
AL32,16.84,T-shirt,18,,,,
AL32,16.84,T-shirt,44,,,,
AL32,16.84,T-shirt,124,,,,
AL32,16.84,T-shirt,156,,,,
AL32,16.84,T-shirt,142,,,,
AL32,16.84,T-shirt,290,,,,
AL32,16.84,T-shirt,413,,,,
AL32,16.84,T-shirt,34,,,,
AL32,16.84,T-shirt,123,,,,
AL32,16.84,T-shirt,454,,,,
AL32,16.84,T-shirt,681,,,,
AL32,16.84,T-shirt,466,,,,
AL32,16.84,T-shirt,484,,,,
AL32,16.84,T-shirt,159,,,,
AL32,16.84,T-shirt,187,,,,
AL32,16.84,T-shirt,131,,,,
AL32,16.84,T-shirt,275,,,,
AL32,16.84,T-shirt,294,,,,
AL32,29.4,T-shirt,48,,,,
AL32,29.4,T-shirt,80,,,,
AL32,29.4,T-shirt,72,,,,
AL32,29.4,T-shirt,153,,,,
AL32,29.4,T-shirt,190,,,,
AL32,29.4,T-shirt,457,,,,
AL32,29.4,T-shirt,548,,,,
AL32,29.4,T-shirt,18,,,,
AL32,29.4,T-shirt,87,,,,
AL32,29.4,T-shirt,164,,,,
AL32,29.4,T-shirt,205,,,,
AL32,29.4,T-shirt,204,,,,
AL32,29.4,T-shirt,10,,,,
AL32,29.4,T-shirt,36,,,,
AL32,29.4,T-shirt,46,,,,
AL32,29.4,T-shirt,89,,,,
AL32,29.4,T-shirt,96,,,,
AL32,29.4,T-shirt,260,,,,
AL32,29.4,T-shirt,575,,,,
AL32,29.4,T-shirt,10,,,,
AL32,29.4,T-shirt,37,,,,
AL32,29.4,T-shirt,87,,,,
AL32,29.4,T-shirt,164,,,,
AL32,29.4,T-shirt,205,,,,
AL32,29.4,T-shirt,204,,,,
AL32,29.4,T-shirt,548,,,,
AL32,29.4,T-shirt,48,,,,
AL32,29.4,T-shirt,80,,,,
AL32,29.4,T-shirt,144,,,,
AL32,29.4,T-shirt,153,,,,
AL32,29.4,T-shirt,190,,,,
AL32,29.4,T-shirt,571,,,,
AL32,29.4,T-shirt,6,,,,
AL32,29.4,T-shirt,23,,,,
AL32,29.4,T-shirt,112,,,,
AL32,29.4,T-shirt,76,,,,
AL32,29.4,T-shirt,-,,,,
AL32,29.4,T-shirt,-,,,,
AL32,29.4,T-shirt,-,,,,
AL32,29.4,T-shirt,-,,,,
AL32,29.4,T-shirt,-,,,,
AL32,29.4,T-shirt,-,,,,
AL32,29.4,T-shirt,-,,,,
AL32,29.4,T-shirt,-,,,,
AL32,29.4,T-shirt,-,,,,
AL32,29.4,T-shirt,-,,,,
AL32,29.4,T-shirt,-,,,,
AL32,29.4,T-shirt,-,,,,
AL32,29.4,T-shirt,-,,,,
AL32,29.4,T-shirt,-,,,,
AL32,29.4,T-shirt,-,,,,
AL32,29.4,T-shirt,-,,,,
AL32,29.4,T-shirt,-,,,,
AL32,29.4,T-shirt,-,,,,
AL32,29.4,T-shirt,-,,,,
AL32,29.4,T-shirt,-,,,,
AL32,29.4,T-shirt,-,,,,
AL32,29.4,T-shirt,-,,,,
AL32,29.4,T-shirt,-,,,,
AL32,29.4,T-shirt,-,,,,
AL32,29.4,T-shirt,-,,,,
AL32,29.4,T-shirt,-,,,,
AL32,29.4,T-shirt,-,,,,
AL32,29.4,T-shirt,-,,,,
AL32,29.4,T-shirt,-,,,,
AL32,29.4,T-shirt,-,,,,
AL32,29.4,T-shirt,-,,,,
AL32,29.4,T-shirt,-,,,,
AL32,29.4,T-shirt,-,,,,
AL32,29.4,T-shirt,-,,,,
AL32,29.4,T-shirt,-,,,,
AL32,29.4,T-shirt,-,,,,
AL32,29.4,T-shirt,-,,,,
AL32,29.4,T-shirt,-,,,,
AL32,29.4,T-shirt,-,,,,
AL32,29.4,T-shirt,-,,,,
,,,,,,,
AL32,16.84,,306,,,,
,,,,,,,
,,,,,,,
AL32,29.4,,167,,,,
,,,,,,,
,,,,,,,
AL32,23.66,,256,,,,
,,,,,,,
AL34,24.56,T-shirt Baselayer,18,,,,
AL34,20.04,T-shirt,34,,,,
AL34,20.92,T-shirt,518,,,,
AL34,20.92,T-shirt,453,,,,
AL34,20.65,Jacket,102,,,,
AL34,20.92,T-shirt,666,,,,
AL34,20.92,T-shirt,263,,,,
AL34,20.92,T-shirt,564,,,,
AL34,20.92,T-shirt,609,,,,
AL34,20.92,T-shirt,211,,,,
AL34,20.92,T-shirt,746,,,,
AL34,20.92,T-shirt,6,,,,
AL34,20.92,T-shirt,29,,,,
AL34,20.92,T-shirt,262,,,,
AL34,20.92,T-shirt,635,,,,
AL34,20.92,T-shirt,467,,,,
AL34,20.92,T-shirt,6,,,,
AL34,20.92,T-shirt,337,,,,
AL34,20.92,T-shirt,233,,,,
AL34,20.92,T-shirt,567,,,,
AL34,20.92,T-shirt,338,,,,
AL34,20.92,T-shirt,169,,,,
AL34,20.92,T-shirt,739,,,,
AL34,20.92,T-shirt,6,,,,
AL34,20.92,T-shirt,296,,,,
AL34,20.92,T-shirt,6,,,,
AL34,20.92,T-shirt,259,,,,
AL34,20.92,T-shirt,142,,,,
AL34,20.92,T-shirt,617,,,,
AL34,20.92,T-shirt,446,,,,
AL34,20.92,T-shirt,192,,,,
AL34,20.92,T-shirt,992,,,,
AL34,20.92,T-shirt,194,,,,
AL34,20.92,T-shirt,558,,,,
AL34,20.04,T-shirt,128,,,,
AL34,13.77,Tank Top Baselayer,9,,,,
AL34,13.77,Tank Top Baselayer,27,,,,
AL34,13.77,Tank Top Baselayer,38,,,,
AL34,13.77,Tank Top Baselayer,139,,,,
AL34,13.77,Tank Top Baselayer,158,,,,
AL34,13.77,Tank Top Baselayer,91,,,,
AL34,13.77,Tank Top Baselayer,169,,,,
AL34,13.77,Tank Top Baselayer,305,,,,
AL34,13.77,Tank Top Baselayer,252,,,,
AL34,13.77,Tank Top Baselayer,6,,,,
AL34,13.77,Tank Top Baselayer,16,,,,
AL34,13.77,Tank Top Baselayer,53,,,,
AL34,13.77,Tank Top Baselayer,53,,,,
AL34,13.77,Tank Top Baselayer,75,,,,
AL34,13.77,Tank Top Baselayer,146,,,,
AL34,13.77,Tank Top Baselayer,291,,,,
AL34,13.77,T-shirt,6,,,,
AL34,13.77,T-shirt,131,,,,
AL34,20.92,T-shirt Polo,54,,,,
AL34,20.92,T-shirt Polo,238,,,,
AL34,20.92,T-shirt Polo,128,,,,
AL34,20.92,T-shirt Polo,80,,,,
AL34,20.92,T-shirt Polo,26,,,,
AL34,20.92,T-shirt Polo,224,,,,
AL34,20.92,T-shirt Polo,186,,,,
AL34,20.92,T-shirt Polo,359,,,,
AL34,20.92,T-shirt Polo,346,,,,
AL34,20.92,T-shirt Polo,11,,,,
AL34,20.92,T-shirt Polo,352,,,,
AL34,20.92,T-shirt Polo,462,,,,
AL34,20.92,T-shirt Polo,1,,,,
AL34,20.92,T-shirt Polo,388,,,,
AL34,20.92,T-shirt Polo,63,,,,
AL34,20.92,T-shirt Polo,48,,,,
AL34,20.92,T-shirt Polo,92,,,,
AL34,20.92,T-shirt Polo,142,,,,
AL34,20.92,T-shirt Polo,24,,,,
AL34,20.92,T-shirt Polo,347,,,,
AL34,20.92,T-shirt Polo,126,,,,
AL34,20.92,T-shirt Polo,33,,,,
AL34,20.92,T-shirt Polo,210,,,,
AL34,20.92,T-shirt Polo,311,,,,
AL34,20.92,T-shirt Polo,184,,,,
AL34,20.92,T-shirt Polo,200,,,,
AL34,20.92,T-shirt Polo,210,,,,
AL34,20.92,T-shirt Polo,231,,,,
AL34,20.92,T-shirt Polo,134,,,,
AL34,20.92,T-shirt Polo,26,,,,
AL34,20.92,T-shirt Polo,368,,,,
AL34,20.92,T-shirt Polo,200,,,,
AL34,20.92,T-shirt Polo,156,,,,
AL34,20.92,T-shirt Polo,368,,,,
AL34,20.92,T-shirt Polo,420,,,,
AL34,20.92,T-shirt Polo,210,,,,
AL34,20.92,T-shirt Polo,200,,,,
AL34,20.92,T-shirt Polo,210,,,,
AL34,20.92,T-shirt Polo,231,,,,
AL34,20.92,T-shirt Polo,270,,,,
AL34,20.92,T-shirt Polo,368,,,,
AL34,24.83,T-shirt Baselayer,453,,,,
AL34,24.83,T-shirt Baselayer,258,,,,
AL34,24.83,T-shirt Baselayer,566,,,,
AL34,24.83,T-shirt Baselayer,258,,,,
AL34,24.83,T-shirt Baselayer,628,,,,
AL34,24.56,T-shirt Baselayer,516,,,,
AL34,24.56,T-shirt Baselayer,396,,,,
AL34,24.56,T-shirt Baselayer,515,,,,
AL34,24.56,T-shirt Baselayer,298,,,,
AL34,24.56,Jacket Full Zip,515,,,,
AL34,24.56,Jacket Full Zip,515,,,,
AL34,24.56,Jacket Full Zip,360,,,,
AL34,24.56,Jacket Full Zip,258,,,,
AL34,24.56,Jacket Full Zip,515,,,,
AL34,24.56,Jacket Full Zip,813,,,,
AL34,24.83,T-shirt Baselayer,-,,,,
AL34,24.83,Jacket Full Zip,-,,,,
AL34,24.83,Jacket Full Zip,-,,,,
AL34,24.83,Jacket Full Zip,-,,,,
AL34,24.83,Jacket Full Zip,-,,,,
AL34,24.83,T-shirt Baselayer,-,,,,
AL34,24.83,T-shirt Baselayer,-,,,,
AL34,24.83,T-shirt Baselayer,-,,,,
AL34,24.56,T-shirt Baselayer,-,,,,
AL34,24.56,T-shirt Baselayer,-,,,,
AL34,24.56,T-shirt Baselayer,-,,,,
AL34,24.56,T-shirt Baselayer,-,,,,
AL34,19.13,T-shirt Baselayer,-,,,,
AL34,19.13,T-shirt Baselayer,-,,,,
AL34,19.13,T-shirt Baselayer,-,,,,
AL34,19.13,T-shirt Baselayer,-,,,,
,,,,,,,
AL34,19.13,,-,,,,
,,,,,,,
,,,,,,,
AL34,24.83,,433,,,,
,,,,,,,
,,,,,,,
AL34,24.56,,429,,,,
,,,,,,,
,,,,,,,
AL34,20.92,,275,,,,
,,,,,,,
,,,,,,,
AL34,20.04,,81,,,,
,,,,,,,
,,,,,,,
AL34,13.77,,68,,,,
,,,,,,,
,,,,,,,
AL34,13.77,,114,,,,
,,,,,,,
,,,,,,,
AL34,20.65,,102,,,,
,,,,,,,
,,,,,,,
AL34,20.66,,265,,,,
,,,,,,,
