Module,Customer,Style,Total SMV,Sewing SMV,Product Type,Chassis ID,CWN,PO Type,Del. Date,Rev Del Date,Ord Qty,Planned Qty,Total Planned,Strip Planned,PSD,Prod Start Time,PED,Avg Per Day,FIH,1,9/4/23,9/5/23,9/6/23,9/7/23,9/8/23,9/9/23,9/10/23,9/11/23,9/12/23,9/13/23,9/14/23,9/15/23,9/16/23,9/17/23,9/18/23,9/19/23,9/20/23,9/21/23,9/22/23,9/23/23,9/24/23,9/25/23,9/26/23,9/27/23,9/28/23,9/29/23,9/30/23,10/1/23,10/2/23,10/3/23,10/4/23,10/5/23,10/6/23,10/7/23,10/8/23,10/9/23,10/10/23,10/11/23,10/12/23,10/13/23,10/14/23,10/15/23,10/16/23,10/17/23,10/18/23,10/19/23,10/20/23,10/21/23,10/22/23,10/23/23,10/24/23,10/25/23,10/26/23,10/27/23,10/28/23,10/29/23,10/30/23,10/31/23,11/1/23,11/2/23,11/3/23,11/4/23,11/5/23,11/6/23,11/7/23,11/8/23,11/9/23,11/10/23,11/11/23,11/12/23,11/13/23,11/14/23,11/15/23,11/16/23,11/17/23,11/18/23,11/19/23,11/20/23,11/21/23,11/22/23,11/23/23,11/24/23,11/25/23,11/26/23,11/27/23,11/28/23,11/29/23,11/30/23,12/1/23,12/2/23,12/3/23,12/4/23,12/5/23,12/6/23,12/7/23,12/8/23,12/9/23,12/10/23,12/11/23,12/12/23,12/13/23,12/14/23,12/15/23,12/16/23,12/17/23,12/18/23,12/19/23,12/20/23,12/21/23,12/22/23,12/23/23,12/24/23,12/25/23,12/26/23,12/27/23,12/28/23,12/29/23,12/30/23,12/31/23,SOLI
Daily Prod,AL01,40260,33.1,33.1,,,,,,-,,,,451,9/21/23,0.526388888888889,,,,PPD,-,-,-,-,-,-,-,-,-,-,-,-,-,-,-,-,-,60,102,-,-,102,102,86,-,-,-,-,-,-,-,-,-,-,-,-,-,-,-,-,-,-,-,-,-,-,-,-,-,-,-,-,-,-,-,-,-,-,-,-,-,-,-,-,-,-,-,-,-,-,-,-,-,-,-,-,-,-,-,-,-,-,-,-,-,-,-,-,-,-,-,-,-,-,-,-,-,-,-,-,-,-,-,-,-,-,-,-,-,-,-,-,-,-,-,-,-,-,-,
Efficiency,AL01,40260,,,,,,,,,,,,,,,,,,EFF Row,-,-,-,-,-,-,-,-,-,-,-,-,-,-,-,-,-,0.44,0.74,-,-,0.74,0.74,0.62,-,-,-,-,-,-,-,-,-,-,-,-,-,-,-,-,-,-,-,-,-,-,-,-,-,-,-,-,-,-,-,-,-,-,-,-,-,-,-,-,-,-,-,-,-,-,-,-,-,-,-,-,-,-,-,-,-,-,-,-,-,-,-,-,-,-,-,-,-,-,-,-,-,-,-,-,-,-,-,-,-,-,-,-,-,-,-,-,-,-,-,-,-,-,-,
AL02,Patagonia,40245,24.83,24.83,,,,,,-,,,,12850,10/16/23,0.288888888888889,,,,PPD,-,-,-,-,-,-,-,-,-,-,-,-,-,-,-,-,-,-,-,-,-,-,-,-,-,-,-,-,-,-,-,-,-,-,-,-,-,-,-,-,-,-,85,888,1173,1278,1384,-,-,1489,733,-,-,-,-,-,-,-,-,-,-,-,-,-,-,1194,1660,1678,1288,-,-,-,-,-,-,-,-,-,-,-,-,-,-,-,-,-,-,-,-,-,-,-,-,-,-,-,-,-,-,-,-,-,-,-,-,-,-,-,-,-,-,-,-,-,-,-,-,-,-,
AL02,Patagonia,40250,24.56,24.56,,,,,,-,,,,5331,10/24/23,0.355555555555556,,,,PPD,-,-,-,-,-,-,-,-,-,-,-,-,-,-,-,-,-,-,-,-,-,-,-,-,-,-,-,-,-,-,-,-,-,-,-,-,-,-,-,-,-,-,-,-,-,-,-,-,-,-,855,1050,-,-,-,-,-,-,-,-,-,-,-,1291,1643,492,-,-,-,-,-,-,-,-,-,-,-,-,-,-,-,-,-,-,-,-,-,-,-,-,-,-,-,-,-,-,-,-,-,-,-,-,-,-,-,-,-,-,-,-,-,-,-,-,-,-,-,-,-,
AL02,Patagonia,40255,33.61,33.61,,,,,,-,,,,26729,9/11/23,0.272916666666667,,,,PPD,-,-,-,-,-,-,-,32,-,-,24,11,-,-,44,-,-,363,72,-,-,-,-,-,-,-,-,-,-,-,-,-,-,-,-,-,773,1243,1244,1244,-,-,1059,-,-,-,-,-,-,-,-,-,-,-,-,-,-,-,-,-,-,-,-,-,-,-,-,-,12,-,386,379,604,848,962,-,-,1044,1126,1156,1040,1040,725,-,-,-,-,-,-,-,-,-,-,-,-,-,-,-,-,1068,1109,1109,1109,-,-,775,-,1148,1272,1272,-,-,-,-,1272,1165,-,-,-,
AL02,Patagonia,40260,33.1,33.1,,,,,,-,,,,25138,9/22/23,0.270138888888889,,,,PPD,-,-,-,-,-,-,-,-,-,-,-,-,-,-,-,-,-,-,1145,-,-,1233,1273,1226,-,-,-,-,1237,1238,1238,1238,1238,-,-,1238,468,-,-,-,-,-,-,-,-,-,-,-,-,-,-,-,-,-,-,-,-,-,-,-,-,-,-,-,-,-,-,-,-,-,-,-,-,-,-,-,-,-,-,-,-,-,319,-,726,1098,1098,1098,1120,1126,-,1126,1126,1126,1126,-,-,-,1126,42,-,-,-,-,-,-,-,-,-,-,-,-,-,-,-,108,-,-,-,
Daily Prod,AL02,-,31.55,31.55,,,,,,-,,,,70048,9/11/23,0.270138888888889,,,,PPD,-,-,-,-,-,-,-,32,-,-,24,11,-,-,44,-,-,363,1217,-,-,1233,1273,1226,-,-,-,-,1237,1238,1238,1238,1238,-,-,1238,1241,1243,1244,1244,-,-,1144,888,1173,1278,1384,-,-,1489,1588,1050,-,-,-,-,-,-,-,-,-,-,-,1291,1643,1686,1660,1678,1301,-,386,379,604,848,962,-,-,1044,1126,1156,1040,1040,1045,-,726,1098,1098,1098,1120,1126,-,1126,1126,1126,1126,-,-,-,1126,1110,1109,1109,1109,-,-,775,-,1148,1272,1272,-,-,-,-,1272,1273,-,-,-,
Efficiency,AL02,-,,,,,,,,,,,,,,,,,,EFF Row,-,-,-,-,-,-,-,0.02,-,-,0.01,0.01,-,-,0.03,-,-,0.22,0.74,-,-,0.74,0.77,0.74,-,-,-,-,0.78,0.78,0.78,0.78,0.78,-,-,0.78,0.79,0.8,0.8,0.8,-,-,0.72,0.42,0.56,0.61,0.66,-,-,0.71,0.75,0.49,-,-,-,-,-,-,-,-,-,-,-,0.58,0.74,0.76,0.75,0.76,0.59,-,0.24,0.23,0.37,0.52,0.59,-,-,0.64,0.69,0.71,0.64,0.64,0.64,-,0.66,0.66,0.66,0.66,0.68,0.68,-,0.68,0.68,0.68,0.68,-,-,-,0.68,0.68,0.68,0.68,0.68,-,-,0.48,-,0.7,0.78,0.78,-,-,-,-,0.78,0.78,-,-,-,
AL05,Patagonia,45205,8.7,8.7,,,,,,-,,,,1,9/4/23,0.855555555555556,,,,PPD,1,-,-,-,-,-,-,-,-,-,-,-,-,-,-,-,-,-,-,-,-,-,-,-,-,-,-,-,-,-,-,-,-,-,-,-,-,-,-,-,-,-,-,-,-,-,-,-,-,-,-,-,-,-,-,-,-,-,-,-,-,-,-,-,-,-,-,-,-,-,-,-,-,-,-,-,-,-,-,-,-,-,-,-,-,-,-,-,-,-,-,-,-,-,-,-,-,-,-,-,-,-,-,-,-,-,-,-,-,-,-,-,-,-,-,-,-,-,-,
AL05,Patagonia,45250,7.98,7.98,,,,,,-,,,,2306,9/15/23,0.358333333333333,,,,PPD,-,-,-,-,-,-,-,-,-,-,-,40,-,-,-,-,-,-,-,-,-,420,1846,-,-,-,-,-,-,-,-,-,-,-,-,-,-,-,-,-,-,-,-,-,-,-,-,-,-,-,-,-,-,-,-,-,-,-,-,-,-,-,-,-,-,-,-,-,-,-,-,-,-,-,-,-,-,-,-,-,-,-,-,-,-,-,-,-,-,-,-,-,-,-,-,-,-,-,-,-,-,-,-,-,-,-,-,-,-,-,-,-,-,-,-,-,-,-,-,
AL05,Patagonia,45355,7.98,7.98,,,,,,-,,,,21719,9/4/23,0.25,,,,PPD,33,-,-,-,-,-,-,-,-,-,-,-,-,-,-,-,55,1717,967,-,-,1297,-,-,-,-,-,-,-,-,-,-,-,-,-,-,-,-,-,-,-,-,-,-,-,-,-,-,-,-,-,-,-,-,-,-,-,-,-,-,-,-,-,-,-,-,-,-,-,-,-,-,-,-,-,-,-,-,-,-,-,-,-,-,-,-,-,-,-,-,-,-,-,-,-,-,-,-,572,915,1259,1374,1488,-,-,1602,1717,1717,1718,1717,-,-,-,-,1786,1786,-,-,-,
AL05,Patagonia,45385,7.98,7.98,,,,,,-,,,,14,9/20/23,0.356944444444444,,,,PPD,-,-,-,-,-,-,-,-,-,-,-,-,-,-,-,-,14,-,-,-,-,-,-,-,-,-,-,-,-,-,-,-,-,-,-,-,-,-,-,-,-,-,-,-,-,-,-,-,-,-,-,-,-,-,-,-,-,-,-,-,-,-,-,-,-,-,-,-,-,-,-,-,-,-,-,-,-,-,-,-,-,-,-,-,-,-,-,-,-,-,-,-,-,-,-,-,-,-,-,-,-,-,-,-,-,-,-,-,-,-,-,-,-,-,-,-,-,-,-,
AL05,Patagonia,45390,7.98,7.98,,,,,,-,,,,4,9/18/23,0.367361111111111,,,,PPD,-,-,-,-,-,-,-,-,-,-,-,-,-,-,4,-,-,-,-,-,-,-,-,-,-,-,-,-,-,-,-,-,-,-,-,-,-,-,-,-,-,-,-,-,-,-,-,-,-,-,-,-,-,-,-,-,-,-,-,-,-,-,-,-,-,-,-,-,-,-,-,-,-,-,-,-,-,-,-,-,-,-,-,-,-,-,-,-,-,-,-,-,-,-,-,-,-,-,-,-,-,-,-,-,-,-,-,-,-,-,-,-,-,-,-,-,-,-,-,
AL05,LACOSTE,TH1790,16.55,16.55,,,,,,-,,,,79,9/4/23,0.461805555555556,,,,PPD,79,-,-,-,-,-,-,-,-,-,-,-,-,-,-,-,-,-,-,-,-,-,-,-,-,-,-,-,-,-,-,-,-,-,-,-,-,-,-,-,-,-,-,-,-,-,-,-,-,-,-,-,-,-,-,-,-,-,-,-,-,-,-,-,-,-,-,-,-,-,-,-,-,-,-,-,-,-,-,-,-,-,-,-,-,-,-,-,-,-,-,-,-,-,-,-,-,-,-,-,-,-,-,-,-,-,-,-,-,-,-,-,-,-,-,-,-,-,-,
AL05,LACOSTE,TH1797,18.83,18.83,,,,,,-,,,,821,9/4/23,0.264583333333333,,,,PPD,111,-,-,-,-,-,-,-,-,-,-,-,-,-,-,-,-,-,-,-,-,-,-,-,-,-,-,-,-,-,-,-,-,-,-,-,-,-,-,-,-,-,-,-,-,-,-,-,-,-,-,-,-,-,-,-,-,-,-,-,-,-,-,-,-,-,-,-,-,-,-,-,-,-,-,-,-,-,-,-,-,-,-,-,-,-,189,463,58,-,-,-,-,-,-,-,-,-,-,-,-,-,-,-,-,-,-,-,-,-,-,-,-,-,-,-,-,-,-,
AL05,LACOSTE,TH7545,17.27,17.27,,,,,,-,,,,24785,10/2/23,0.25,,,,PPD,-,-,-,-,-,-,-,-,-,-,-,-,-,-,-,-,-,-,-,-,-,-,-,-,-,-,-,-,317,549,698,371,507,-,-,671,836,971,1011,1084,-,-,1152,1181,1202,1240,1265,-,-,1269,1269,49,-,-,-,-,-,-,-,-,-,-,-,-,-,-,-,-,-,-,-,-,-,-,238,519,-,679,845,978,1013,1089,1155,-,1182,1204,240,-,-,-,-,-,-,-,-,-,-,-,-,-,-,-,-,-,-,-,-,-,-,-,-,-,-,-,-,-,-,-,-,
Daily Prod,AL05,TH9561,12.75,12.75,,,,,,-,,,,24772,9/27/23,0.25,,,,PPD,-,-,-,-,-,-,-,-,-,-,-,-,-,-,-,-,-,-,-,-,-,-,-,301,-,-,-,-,-,-,-,-,-,-,-,-,-,-,-,-,-,-,-,-,-,-,-,-,-,-,-,-,432,-,-,-,750,952,776,561,832,1045,-,1253,1368,1432,1536,1598,1628,-,1669,1715,1732,1732,234,-,-,-,-,-,-,-,-,-,-,-,-,-,355,-,-,720,933,1161,58,-,-,-,-,-,-,-,-,-,-,-,-,-,-,-,-,-,-,-,-,-,-,-,-,
Efficiency,AL05,TH9561,,,,,,,,,,,,,,,,,,EFF Row,0.2,-,-,-,-,-,-,-,-,-,-,0.02,-,-,-,-,0.03,0.75,0.42,-,-,0.75,0.4,0.11,-,-,-,-,0.15,0.26,0.33,0.18,0.24,-,-,0.32,0.4,0.46,0.48,0.51,-,-,0.54,0.56,0.57,0.59,0.6,-,-,0.6,0.6,0.02,0.15,-,-,-,0.26,0.33,0.27,0.19,0.29,0.36,-,0.43,0.47,0.5,0.53,0.55,0.56,-,0.58,0.59,0.6,0.6,0.19,0.25,-,0.32,0.4,0.46,0.48,0.51,0.55,-,0.56,0.57,0.21,0.24,0.15,-,-,0.25,0.32,0.4,0.02,-,-,-,0.25,0.4,0.55,0.6,0.65,-,-,0.7,0.75,0.75,0.75,0.75,-,-,-,-,0.78,0.78,-,-,-,
AL06,Patagonia,61256,16.57,16.57,,,,,,-,,,,20904,10/4/23,0.25,,,,PPD,-,-,-,-,-,-,-,-,-,-,-,-,-,-,-,-,-,-,-,-,-,-,-,-,-,-,-,-,-,-,144,720,1051,-,-,1269,1379,74,-,-,-,-,1436,1472,1534,1647,1270,-,-,-,-,-,-,-,-,-,-,-,-,-,-,-,-,-,-,-,-,-,-,-,-,-,-,-,-,-,-,-,-,-,-,-,-,-,-,-,-,-,-,-,-,-,-,-,-,-,-,-,-,-,97,690,1020,-,-,1259,1368,1287,-,1556,-,-,-,-,1632,-,-,-,-,
AL06,Patagonia,61266,9.13,9.13,,,,,,-,,,,2904,12/1/23,0.514583333333333,,,,PPD,-,-,-,-,-,-,-,-,-,-,-,-,-,-,-,-,-,-,-,-,-,-,-,-,-,-,-,-,-,-,-,-,-,-,-,-,-,-,-,-,-,-,-,-,-,-,-,-,-,-,-,-,-,-,-,-,-,-,-,-,-,-,-,-,-,-,-,-,-,-,-,-,-,-,-,-,-,-,-,-,-,-,-,-,-,-,-,-,54,-,-,1139,1712,-,-,-,-,-,-,-,-,-,-,-,-,-,-,-,-,-,-,-,-,-,-,-,-,-,-,
AL06,Patagonia,62380,11.08,11.08,,,,,,-,,,,18130,10/31/23,0.272222222222222,,,,PPD,-,-,-,-,-,-,-,-,-,-,-,-,-,-,-,-,-,-,-,-,-,-,-,-,-,-,-,-,-,-,-,-,-,-,-,-,-,-,-,-,-,-,-,-,-,-,-,-,-,-,-,-,-,-,-,-,-,27,914,1408,1843,2008,-,2173,1378,-,-,-,-,-,-,-,-,-,-,-,-,-,-,-,-,160,-,-,1042,1537,1886,2052,1702,-,-,-,-,-,-,-,-,-,-,-,-,-,-,-,-,-,-,-,-,-,-,-,-,-,-,-,-,-,-,
AL06,Patagonia,62385,15.18,15.18,,,,,,-,,,,16883,9/4/23,0.25,,,,PPD,164,-,-,-,-,-,-,147,283,15,-,-,-,-,-,-,-,-,-,-,-,-,-,200,-,-,-,-,749,1198,686,-,-,-,-,-,-,-,-,-,-,-,-,-,-,-,32,-,-,685,1046,1352,1472,-,-,-,1592,1401,-,-,-,-,-,-,-,-,-,-,-,-,-,-,-,-,-,-,-,-,-,-,-,-,-,-,-,-,-,-,-,-,-,-,-,607,967,-,-,-,1326,1445,910,-,-,-,-,-,-,-,-,-,-,-,-,-,-,606,-,-,-,
AL06,Patagonia,62390,18.67,18.67,,,,,,-,,,,19392,9/18/23,0.281944444444444,,,,PPD,-,-,-,-,-,-,-,-,-,-,-,-,-,-,129,-,150,665,1191,-,-,1190,1191,413,-,-,-,-,-,-,-,-,-,-,-,-,-,-,-,-,-,-,-,-,-,-,-,-,-,-,-,-,-,-,-,-,-,-,-,-,-,-,-,-,82,610,903,1116,1214,-,1312,1191,-,-,1327,-,-,1452,1468,1471,1483,831,-,-,-,-,-,-,-,-,-,-,-,-,-,-,-,-,-,-,-,-,-,-,-,-,-,-,-,-,-,-,-,-,-,-,-,-,-,
Daily Prod,AL06,-,15.31,15.31,,,,,,-,,,,78213,9/4/23,0.25,,,,PPD,164,-,-,-,-,-,-,147,283,15,-,-,-,-,129,-,150,665,1191,-,-,1190,1191,613,-,-,-,-,749,1198,830,720,1051,-,-,1269,1379,74,-,-,-,-,1436,1472,1534,1647,1302,-,-,685,1046,1352,1472,-,-,-,1592,1429,914,1408,1843,2008,-,2173,1460,610,903,1116,1214,-,1312,1191,-,-,1327,-,-,1452,1468,1471,1483,991,-,-,1042,1537,1886,2052,1756,-,-,1139,1712,607,967,-,-,-,1326,1445,1007,690,1020,-,-,1259,1368,1287,-,1556,-,-,-,-,1632,606,-,-,-,
Efficiency,AL06,-,,,,,,,,,,,,,,,,,,EFF Row,0.07,-,-,-,-,-,-,0.06,0.12,0.01,-,-,-,-,0.07,-,0.08,0.34,0.61,-,-,0.61,0.61,0.29,-,-,-,-,0.31,0.5,0.35,0.33,0.48,-,-,0.58,0.63,0.03,-,-,-,-,0.65,0.67,0.7,0.75,0.59,-,-,0.28,0.43,0.56,0.61,-,-,-,0.66,0.59,0.28,0.43,0.56,0.61,-,0.66,0.46,0.31,0.46,0.57,0.62,-,0.67,0.61,-,-,0.68,-,-,0.74,0.75,0.75,0.76,0.47,-,-,0.32,0.47,0.57,0.62,0.53,-,-,0.28,0.43,0.25,0.4,-,-,-,0.55,0.6,0.42,0.31,0.46,-,-,0.57,0.62,0.58,-,0.71,-,-,-,-,0.74,0.25,-,-,-,
AL08,Patagonia,32050,12.45,12.45,,,,,,-,,,,4712,10/2/23,0.25,,,,PPD,-,-,-,-,-,-,-,-,-,-,-,-,-,-,-,-,-,-,-,-,-,-,-,-,-,-,-,-,52,-,-,-,-,-,-,-,-,-,-,-,-,-,-,-,-,-,-,-,-,-,-,161,402,-,-,-,549,641,769,861,935,342,-,-,-,-,-,-,-,-,-,-,-,-,-,-,-,-,-,-,-,-,-,-,-,-,-,-,-,-,-,-,-,-,-,-,-,-,-,-,-,-,-,-,-,-,-,-,-,-,-,-,-,-,-,-,-,-,-,
AL08,Patagonia,45385,7.98,7.98,,,,,,-,,,,6427,9/4/23,0.25,,,,PPD,40,-,-,-,-,-,-,-,-,-,-,-,-,-,-,-,86,1360,1408,-,-,755,1576,1201,-,-,-,-,-,-,-,-,-,-,-,-,-,-,-,-,-,-,-,-,-,-,-,-,-,-,-,-,-,-,-,-,-,-,-,-,-,-,-,-,-,-,-,-,-,-,-,-,-,-,-,-,-,-,-,-,-,-,-,-,-,-,-,-,-,-,-,-,-,-,-,-,-,-,-,-,-,-,-,-,-,-,-,-,-,-,-,-,-,-,-,-,-,-,-,
AL08,Patagonia,61246,11.1,11.1,,,,,,-,,,,12967,10/3/23,0.263888888888889,,,,PPD,-,-,-,-,-,-,-,-,-,-,-,-,-,-,-,-,-,-,-,-,-,-,-,-,-,-,-,-,-,79,409,574,698,-,-,821,945,212,959,1112,-,-,1198,1230,61,-,-,-,-,-,-,-,-,-,-,-,-,-,-,-,-,-,-,-,-,-,-,-,-,-,-,-,-,-,-,-,-,204,585,832,963,1046,-,-,1038,-,-,-,-,-,-,-,-,-,-,-,-,-,-,-,-,-,-,-,-,-,-,-,-,-,-,-,-,-,-,-,-,-,-,
AL08,Patagonia,61266,9.13,9.13,,,,,,-,,,,4944,10/18/23,0.280555555555556,,,,PPD,-,-,-,-,-,-,-,-,-,-,-,-,-,-,-,-,-,-,-,-,-,-,-,-,-,-,-,-,-,-,-,-,-,-,-,-,-,-,-,-,-,-,-,-,451,785,1085,-,-,1195,1296,131,-,-,-,-,-,-,-,-,-,-,-,-,-,-,-,-,-,-,-,-,-,-,-,-,-,-,-,-,-,-,-,-,-,-,-,-,-,-,-,-,-,-,-,-,-,-,-,-,-,-,-,-,-,-,-,-,-,-,-,-,-,-,-,-,-,-,-,
AL08,Patagonia,62380,11.08,11.08,,,,,,-,,,,331,9/14/23,0.25,,,,PPD,-,-,-,-,-,-,-,-,-,-,171,-,-,-,-,-,-,-,-,-,-,-,-,-,-,-,-,-,-,160,-,-,-,-,-,-,-,-,-,-,-,-,-,-,-,-,-,-,-,-,-,-,-,-,-,-,-,-,-,-,-,-,-,-,-,-,-,-,-,-,-,-,-,-,-,-,-,-,-,-,-,-,-,-,-,-,-,-,-,-,-,-,-,-,-,-,-,-,-,-,-,-,-,-,-,-,-,-,-,-,-,-,-,-,-,-,-,-,-,
AL08,CMP Intimo GS,A2A8S,13.02,13.02,,,,,,-,,,,16486,11/27/23,0.274305555555556,,,,PPD,-,-,-,-,-,-,-,-,-,-,-,-,-,-,-,-,-,-,-,-,-,-,-,-,-,-,-,-,-,-,-,-,-,-,-,-,-,-,-,-,-,-,-,-,-,-,-,-,-,-,-,-,-,-,-,-,-,-,-,-,-,-,-,-,-,-,-,-,-,-,-,-,-,-,-,-,-,-,-,-,-,-,-,-,1,223,373,472,582,661,-,678,733,773,787,-,-,-,802,829,842,842,844,870,-,871,884,884,884,884,-,-,-,-,884,884,-,-,-,
AL08,CMP Intimo Alo,W9365R,8.01,8.01,,,,,,-,,,,10995,11/8/23,0.25,,,,PPD,-,-,-,-,-,-,-,-,-,-,-,-,-,-,-,-,-,-,-,-,-,-,-,-,-,-,-,-,-,-,-,-,-,-,-,-,-,-,-,-,-,-,-,-,-,-,-,-,-,-,-,-,-,-,-,-,-,-,-,-,-,-,-,-,-,456,684,912,1026,-,1254,1368,1482,1597,1711,-,-,505,-,-,-,-,-,-,-,-,-,-,-,-,-,-,-,-,-,-,-,-,-,-,-,-,-,-,-,-,-,-,-,-,-,-,-,-,-,-,-,-,-,
Daily Prod,AL08,-,10.41,10.41,,,,,,-,,,,56862,9/4/23,0.25,,,,PPD,40,-,-,-,-,-,-,-,-,-,171,-,-,-,-,-,86,1360,1408,-,-,755,1576,1201,-,-,-,-,52,239,409,574,698,-,-,821,945,212,959,1112,-,-,1198,1230,512,785,1085,-,-,1195,1296,292,402,-,-,-,549,641,769,861,935,342,-,-,-,456,684,912,1026,-,1254,1368,1482,1597,1711,-,-,709,585,832,963,1046,-,-,1039,223,373,472,582,661,-,678,733,773,787,-,-,-,802,829,842,842,844,870,-,871,884,884,884,884,-,-,-,-,884,884,-,-,-,
Efficiency,AL08,-,,,,,,,,,,,,,,,,,,EFF Row,0.02,-,-,-,-,-,-,-,-,-,0.1,-,-,-,-,-,0.04,0.59,0.61,-,-,0.33,0.69,0.52,-,-,-,-,0.04,0.14,0.25,0.35,0.42,-,-,0.5,0.57,0.13,0.58,0.68,-,-,0.73,0.75,0.26,0.39,0.54,-,-,0.6,0.65,0.18,0.27,-,-,-,0.37,0.44,0.52,0.59,0.64,0.23,-,-,-,0.2,0.3,0.4,0.45,-,0.55,0.6,0.65,0.7,0.75,-,-,0.35,0.36,0.51,0.59,0.64,-,-,0.63,0.16,0.27,0.34,0.41,0.47,-,0.48,0.52,0.55,0.56,-,-,-,0.57,0.59,0.6,0.6,0.6,0.62,-,0.62,0.63,0.63,0.63,0.63,-,-,-,-,0.63,0.63,-,-,-,
AL09,Patagonia,41965,10.97,10.97,,,,,,-,,,,2600,10/23/23,0.543055555555556,,,,PPD,-,-,-,-,-,-,-,-,-,-,-,-,-,-,-,-,-,-,-,-,-,-,-,-,-,-,-,-,-,-,-,-,-,-,-,-,-,-,-,-,-,-,-,-,-,-,-,-,-,25,378,545,689,-,-,-,795,169,-,-,-,-,-,-,-,-,-,-,-,-,-,-,-,-,-,-,-,-,-,-,-,-,-,-,-,-,-,-,-,-,-,-,-,-,-,-,-,-,-,-,-,-,-,-,-,-,-,-,-,-,-,-,-,-,-,-,-,-,-,
AL09,Patagonia,45235,7.98,7.98,,,,,,-,,,,6695,11/11/23,0.253472222222222,,,,PPD,-,-,-,-,-,-,-,-,-,-,-,-,-,-,-,-,-,-,-,-,-,-,-,-,-,-,-,-,-,-,-,-,-,-,-,-,-,-,-,-,-,-,-,-,-,-,-,-,-,-,-,-,-,-,-,-,-,-,-,-,-,-,-,-,-,-,-,-,451,-,685,914,1029,1257,1372,-,-,985,-,-,-,-,-,-,-,-,-,-,-,-,-,-,-,-,-,-,-,-,-,-,-,-,-,-,-,-,-,-,-,-,-,-,-,-,-,-,-,-,-,
AL09,Patagonia,45325,10.14,10.14,,,,,,-,,,,40666,9/27/23,0.282638888888889,,,,PPD,-,-,-,-,-,-,-,-,-,-,-,-,-,-,-,-,-,-,-,-,-,-,-,400,-,-,-,-,1135,1135,1326,1389,1403,-,-,1405,1406,1432,1441,1438,-,-,771,-,-,-,-,-,-,-,-,-,-,-,-,-,-,-,-,-,-,-,-,-,-,-,-,-,-,-,-,-,-,-,-,-,-,-,-,-,-,-,-,-,-,234,1017,1108,1197,-,-,1287,1351,1350,1351,-,-,-,1367,1406,1405,1405,1416,-,-,1441,1441,1441,1441,1442,-,-,-,-,1441,1441,-,-,-,
AL09,Patagonia,45355,7.98,7.98,,,,,,-,,,,5305,10/18/23,0.825694444444444,,,,PPD,-,-,-,-,-,-,-,-,-,-,-,-,-,-,-,-,-,-,-,-,-,-,-,-,-,-,-,-,-,-,-,-,-,-,-,-,-,-,-,-,-,-,-,-,308,1832,1832,-,-,1334,-,-,-,-,-,-,-,-,-,-,-,-,-,-,-,-,-,-,-,-,-,-,-,-,-,-,-,-,-,-,-,-,-,-,-,-,-,-,-,-,-,-,-,-,-,-,-,-,-,-,-,-,-,-,-,-,-,-,-,-,-,-,-,-,-,-,-,-,-,
AL09,Patagonia,45390,7.98,7.98,,,,,,-,,,,2061,10/31/23,0.275694444444444,,,,PPD,-,-,-,-,-,-,-,-,-,-,-,-,-,-,-,-,-,-,-,-,-,-,-,-,-,-,-,-,-,-,-,-,-,-,-,-,-,-,-,-,-,-,-,-,-,-,-,-,-,-,-,-,-,-,-,-,-,384,853,823,-,-,-,-,-,-,-,-,-,-,-,-,-,-,-,-,-,-,-,-,-,-,-,-,-,-,-,-,-,-,-,-,-,-,-,-,-,-,-,-,-,-,-,-,-,-,-,-,-,-,-,-,-,-,-,-,-,-,-,
AL09,Patagonia,45535,11.24,11.24,,,,,,-,,,,11850,9/20/23,0.25,,,,PPD,-,-,-,-,-,-,-,-,-,-,-,-,-,-,-,-,2,-,958,-,-,1039,982,780,-,-,-,-,-,-,-,-,-,-,-,-,-,-,-,-,-,-,605,1301,1083,-,-,-,-,-,-,-,-,-,-,-,-,-,-,-,-,-,-,-,-,-,-,-,-,-,-,-,-,-,-,-,-,46,488,732,921,1003,-,-,1084,825,-,-,-,-,-,-,-,-,-,-,-,-,-,-,-,-,-,-,-,-,-,-,-,-,-,-,-,-,-,-,-,-,-,
Daily Prod,AL09,-,10.31,10.31,,,,,,-,,,,69177,9/20/23,0.25,,,,PPD,-,-,-,-,-,-,-,-,-,-,-,-,-,-,-,-,2,-,958,-,-,1039,982,1179,-,-,-,-,1135,1135,1326,1389,1403,-,-,1405,1406,1432,1441,1438,-,-,1376,1301,1391,1832,1832,-,-,1359,378,545,689,-,-,-,795,553,853,823,-,-,-,-,-,-,-,-,451,-,685,914,1029,1257,1372,-,-,1032,488,732,921,1003,-,-,1084,1058,1017,1108,1197,-,-,1287,1351,1350,1351,-,-,-,1367,1406,1405,1405,1416,-,-,1441,1441,1441,1441,1442,-,-,-,-,1441,1441,-,-,-,
Efficiency,AL09,-,,,,,,,,,,,,,,,,,,EFF Row,-,-,-,-,-,-,-,-,-,-,-,-,-,-,-,-,-,-,0.59,-,-,0.64,0.6,0.7,-,-,-,-,0.63,0.63,0.74,0.77,0.78,-,-,0.78,0.78,0.8,0.8,0.8,-,-,0.8,0.8,0.8,0.8,0.8,-,-,0.6,0.23,0.33,0.41,-,-,-,0.48,0.27,0.37,0.36,-,-,-,-,-,-,-,-,0.2,-,0.3,0.4,0.45,0.55,0.6,-,-,0.46,0.3,0.45,0.57,0.62,-,-,0.67,0.64,0.56,0.61,0.66,-,-,0.71,0.75,0.75,0.75,-,-,-,0.76,0.78,0.78,0.78,0.79,-,-,0.8,0.8,0.8,0.8,0.8,-,-,-,-,0.8,0.8,-,-,-,
AL10,Patagonia,32045,17.49,17.49,,,,,,-,,,,2060,10/11/23,0.263888888888889,,,,PPD,-,-,-,-,-,-,-,-,-,-,-,-,-,-,-,-,-,-,-,-,-,-,-,-,-,-,-,-,-,-,-,-,-,-,-,-,-,398,622,831,-,-,210,-,-,-,-,-,-,-,-,-,-,-,-,-,-,-,-,-,-,-,-,-,-,-,-,-,-,-,-,-,-,-,-,-,-,-,-,-,-,-,-,-,-,-,-,-,-,-,-,-,-,-,-,-,-,-,-,-,-,-,-,-,-,-,-,-,-,-,-,-,-,-,-,-,-,-,-,
AL10,Patagonia,32120,24.54,24.54,,,,,,-,,,,4714,10/2/23,0.25,,,,PPD,-,-,-,-,-,-,-,-,-,-,-,-,-,-,-,-,-,-,-,-,-,-,-,-,-,-,-,-,297,447,595,670,819,-,-,893,968,24,-,-,-,-,-,-,-,-,-,-,-,-,-,-,-,-,-,-,-,-,-,-,-,-,-,-,-,-,-,-,-,-,-,-,-,-,-,-,-,-,-,-,-,-,-,-,-,-,-,-,-,-,-,-,-,-,-,-,-,-,-,-,-,-,-,-,-,-,-,-,-,-,-,-,-,-,-,-,-,-,-,
AL10,Patagonia,32125,22.7,22.7,,,,,,-,,,,5865,9/19/23,0.25625,,,,PPD,-,-,-,-,-,-,-,-,-,-,-,-,-,-,-,6,350,885,349,-,-,-,-,-,-,-,-,-,-,-,-,-,-,-,-,-,-,-,-,-,-,-,-,-,-,-,-,-,-,-,-,-,-,-,-,-,-,322,483,644,687,-,-,-,-,-,-,-,-,-,-,-,-,-,-,-,-,-,-,-,-,-,-,-,306,479,640,714,-,-,-,-,-,-,-,-,-,-,-,-,-,-,-,-,-,-,-,-,-,-,-,-,-,-,-,-,-,-,-,
AL10,Patagonia,32130,26.15,26.15,,,,,,-,,,,6568,10/16/23,0.283333333333333,,,,PPD,-,-,-,-,-,-,-,-,-,-,-,-,-,-,-,-,-,-,-,-,-,-,-,-,-,-,-,-,-,-,-,-,-,-,-,-,-,-,-,-,-,-,315,453,577,671,742,-,-,824,895,964,1035,-,-,-,92,-,-,-,-,-,-,-,-,-,-,-,-,-,-,-,-,-,-,-,-,-,-,-,-,-,-,-,-,-,-,-,-,-,-,-,-,-,-,-,-,-,-,-,-,-,-,-,-,-,-,-,-,-,-,-,-,-,-,-,-,-,-,
AL10,Patagonia,32135,24.28,24.28,,,,,,20231006,,,,187,10/30/23,0.302777777777778,,,,PPD,-,-,-,-,-,-,-,-,-,-,-,-,-,-,-,-,-,-,-,-,-,-,-,-,-,-,-,-,-,-,-,-,-,-,-,-,-,-,-,-,-,-,-,-,-,-,-,-,-,-,-,-,-,-,-,-,187,-,-,-,-,-,-,-,-,-,-,-,-,-,-,-,-,-,-,-,-,-,-,-,-,-,-,-,-,-,-,-,-,-,-,-,-,-,-,-,-,-,-,-,-,-,-,-,-,-,-,-,-,-,-,-,-,-,-,-,-,-,-,
AL10,Patagonia,40510,30.98,30.98,,,,,,-,,,,4277,9/13/23,0.347222222222222,,,,PPD,-,-,-,-,-,-,-,-,-,61,-,38,-,-,-,-,-,-,-,-,-,-,-,-,-,-,-,-,-,-,-,-,-,-,-,-,-,-,-,-,-,-,-,-,-,-,-,-,-,-,-,-,-,-,-,-,-,-,-,-,-,-,-,-,-,17,392,569,727,-,834,992,647,-,-,-,-,-,-,-,-,-,-,-,-,-,-,-,-,-,-,-,-,-,-,-,-,-,-,-,-,-,-,-,-,-,-,-,-,-,-,-,-,-,-,-,-,-,-,
AL10,Patagonia,41880,23.31,23.31,,,,,,-,,,,3381,9/4/23,0.25,,,,PPD,242,-,-,-,-,-,-,-,-,-,-,-,-,-,-,-,-,-,-,-,-,253,-,-,-,-,-,-,-,-,-,-,-,-,-,-,-,-,-,-,-,-,-,-,-,-,-,-,-,-,-,-,-,-,-,-,-,-,-,-,-,-,-,-,-,-,-,-,-,-,-,-,-,-,-,-,-,-,-,-,-,-,-,-,-,-,-,-,315,-,-,470,628,706,767,-,-,-,-,-,-,-,-,-,-,-,-,-,-,-,-,-,-,-,-,-,-,-,-,
AL10,Patagonia,41930,15.99,15.99,,,,,,-,,,,3050,12/21/23,0.263888888888889,,,,PPD,-,-,-,-,-,-,-,-,-,-,-,-,-,-,-,-,-,-,-,-,-,-,-,-,-,-,-,-,-,-,-,-,-,-,-,-,-,-,-,-,-,-,-,-,-,-,-,-,-,-,-,-,-,-,-,-,-,-,-,-,-,-,-,-,-,-,-,-,-,-,-,-,-,-,-,-,-,-,-,-,-,-,-,-,-,-,-,-,-,-,-,-,-,-,-,-,-,-,-,-,-,-,-,-,-,-,-,-,435,680,-,-,-,-,909,1026,-,-,-,
AL10,Patagonia,41935,24.48,24.48,,,,,,-,,,,2678,11/16/23,0.25,,,,PPD,-,-,-,-,-,-,-,-,-,-,-,-,-,-,-,-,-,-,-,-,-,-,-,-,-,-,-,-,-,-,-,-,-,-,-,-,-,-,-,-,-,-,-,-,-,-,-,-,-,-,-,-,-,-,-,-,-,-,-,-,-,-,-,-,-,-,-,-,-,-,-,-,-,298,448,-,-,597,672,664,-,-,-,-,-,-,-,-,-,-,-,-,-,-,-,-,-,-,-,-,-,-,-,-,-,-,-,-,-,-,-,-,-,-,-,-,-,-,-,
AL10,Patagonia,64810,33.3,33.3,,,,,,-,,,,2060,11/4/23,0.25,,,,PPD,-,-,-,-,-,-,-,-,-,-,-,-,-,-,-,-,-,-,-,-,-,-,-,-,-,-,-,-,-,-,-,-,-,-,-,-,-,-,-,-,-,-,-,-,-,-,-,-,-,-,-,-,-,-,-,-,-,-,-,-,-,329,-,493,658,580,-,-,-,-,-,-,-,-,-,-,-,-,-,-,-,-,-,-,-,-,-,-,-,-,-,-,-,-,-,-,-,-,-,-,-,-,-,-,-,-,-,-,-,-,-,-,-,-,-,-,-,-,-,
AL10,Patagonia,82840,20.58,20.58,,,,,,-,,,,-,1/18/24,0.542361111111111,,,,PPD,-,-,-,-,-,-,-,-,-,-,-,-,-,-,-,-,-,-,-,-,-,-,-,-,-,-,-,-,-,-,-,-,-,-,-,-,-,-,-,-,-,-,-,-,-,-,-,-,-,-,-,-,-,-,-,-,-,-,-,-,-,-,-,-,-,-,-,-,-,-,-,-,-,-,-,-,-,-,-,-,-,-,-,-,-,-,-,-,-,-,-,-,-,-,-,-,-,-,-,-,-,-,-,-,-,-,-,-,-,-,-,-,-,-,-,-,-,-,-,
AL10,Arcteryx,X000008652,24.99,24.99,,,,,,-,,,,4487,12/11/23,0.265277777777778,,,,PPD,-,-,-,-,-,-,-,-,-,-,-,-,-,-,-,-,-,-,-,-,-,-,-,-,-,-,-,-,-,-,-,-,-,-,-,-,-,-,-,-,-,-,-,-,-,-,-,-,-,-,-,-,-,-,-,-,-,-,-,-,-,-,-,-,-,-,-,-,-,-,-,-,-,-,-,-,-,-,-,-,-,-,-,-,-,-,-,-,-,-,-,-,-,-,-,-,-,-,162,353,465,580,662,-,-,699,749,796,19,-,-,-,-,-,-,-,-,-,-,
Daily Prod,AL10,-,24.42,24.42,,,,,,-,,,,39327,9/4/23,0.25,,,,PPD,242,-,-,-,-,-,-,-,-,61,-,38,-,-,-,6,350,885,349,-,-,253,-,-,-,-,-,-,297,447,595,670,819,-,-,893,968,422,622,831,-,-,525,453,577,671,742,-,-,824,895,964,1035,-,-,-,279,322,483,644,687,329,-,493,658,596,392,569,727,-,834,992,647,298,448,-,-,597,672,664,-,-,-,-,306,479,640,714,315,-,-,470,628,706,767,-,-,-,162,353,465,580,662,-,-,699,749,796,455,680,-,-,-,-,909,1026,-,-,-,
Efficiency,AL10,-,,,,,,,,,,,,,,,,,,EFF Row,0.1,-,-,-,-,-,-,-,-,0.03,-,0.03,-,-,-,-,0.22,0.55,0.22,-,-,0.16,-,-,-,-,-,-,0.2,0.3,0.4,0.45,0.55,-,-,0.6,0.65,0.21,0.3,0.4,-,-,0.33,0.33,0.41,0.48,0.53,-,-,0.59,0.64,0.69,0.74,-,-,-,0.19,0.2,0.3,0.4,0.43,0.2,-,0.3,0.4,0.36,0.22,0.32,0.41,-,0.47,0.56,0.37,0.2,0.3,-,-,0.4,0.45,0.44,-,-,-,-,0.19,0.3,0.4,0.44,0.2,-,-,0.3,0.4,0.45,0.49,-,-,-,0.11,0.24,0.32,0.4,0.45,-,-,0.48,0.51,0.54,0.2,0.3,-,-,-,-,0.4,0.45,-,-,-,
AL12,Patagonia,45160,8.7,8.7,,,,,,-,,,,13,9/26/23,0.697222222222222,,,,PPD,-,-,-,-,-,-,-,-,-,-,-,-,-,-,-,-,-,-,-,-,-,-,13,-,-,-,-,-,-,-,-,-,-,-,-,-,-,-,-,-,-,-,-,-,-,-,-,-,-,-,-,-,-,-,-,-,-,-,-,-,-,-,-,-,-,-,-,-,-,-,-,-,-,-,-,-,-,-,-,-,-,-,-,-,-,-,-,-,-,-,-,-,-,-,-,-,-,-,-,-,-,-,-,-,-,-,-,-,-,-,-,-,-,-,-,-,-,-,-,
AL12,Patagonia,45250,7.98,7.98,,,,,,-,,,,1495,9/21/23,0.352083333333333,,,,PPD,-,-,-,-,-,-,-,-,-,-,-,-,-,-,-,-,-,1495,-,-,-,-,-,-,-,-,-,-,-,-,-,-,-,-,-,-,-,-,-,-,-,-,-,-,-,-,-,-,-,-,-,-,-,-,-,-,-,-,-,-,-,-,-,-,-,-,-,-,-,-,-,-,-,-,-,-,-,-,-,-,-,-,-,-,-,-,-,-,-,-,-,-,-,-,-,-,-,-,-,-,-,-,-,-,-,-,-,-,-,-,-,-,-,-,-,-,-,-,-,
AL12,Patagonia,45355,7.98,7.98,,,,,,-,,,,3649,9/22/23,0.718055555555556,,,,PPD,-,-,-,-,-,-,-,-,-,-,-,-,-,-,-,-,-,-,577,-,-,1857,1214,-,-,-,-,-,-,-,-,-,-,-,-,-,-,-,-,-,-,-,-,-,-,-,-,-,-,-,-,-,-,-,-,-,-,-,-,-,-,-,-,-,-,-,-,-,-,-,-,-,-,-,-,-,-,-,-,-,-,-,-,-,-,-,-,-,-,-,-,-,-,-,-,-,-,-,-,-,-,-,-,-,-,-,-,-,-,-,-,-,-,-,-,-,-,-,-,
AL12,Patagonia,45365,7.98,7.98,,,,,,-,,,,12876,12/11/23,0.344444444444444,,,,PPD,-,-,-,-,-,-,-,-,-,-,-,-,-,-,-,-,-,-,-,-,-,-,-,-,-,-,-,-,-,-,-,-,-,-,-,-,-,-,-,-,-,-,-,-,-,-,-,-,-,-,-,-,-,-,-,-,-,-,-,-,-,-,-,-,-,-,-,-,-,-,-,-,-,-,-,-,-,-,-,-,-,-,-,-,-,-,-,-,-,-,-,-,-,-,-,-,-,-,181,602,831,988,1174,1331,-,1446,1560,1674,1717,1372,-,-,-,-,-,-,-,-,-,
Daily Prod,AL12,-,8.08,8.08,,,,,,-,,,,18033,9/21/23,0.344444444444444,,,,PPD,-,-,-,-,-,-,-,-,-,-,-,-,-,-,-,-,-,1495,577,-,-,1857,1227,-,-,-,-,-,-,-,-,-,-,-,-,-,-,-,-,-,-,-,-,-,-,-,-,-,-,-,-,-,-,-,-,-,-,-,-,-,-,-,-,-,-,-,-,-,-,-,-,-,-,-,-,-,-,-,-,-,-,-,-,-,-,-,-,-,-,-,-,-,-,-,-,-,-,-,181,602,831,988,1174,1331,-,1446,1560,1674,1717,1372,-,-,-,-,-,-,-,-,-,
Efficiency,AL12,-,,,,,,,,,,,,,,,,,,EFF Row,-,-,-,-,-,-,-,-,-,-,-,-,-,-,-,-,-,0.65,0.25,-,-,0.81,0.54,-,-,-,-,-,-,-,-,-,-,-,-,-,-,-,-,-,-,-,-,-,-,-,-,-,-,-,-,-,-,-,-,-,-,-,-,-,-,-,-,-,-,-,-,-,-,-,-,-,-,-,-,-,-,-,-,-,-,-,-,-,-,-,-,-,-,-,-,-,-,-,-,-,-,-,0.08,0.26,0.36,0.43,0.51,0.58,-,0.63,0.68,0.73,0.75,0.6,-,-,-,-,-,-,-,-,-,
AL13,Patagonia,45250,7.98,7.98,,,,,,-,,,,5511,10/6/23,0.754166666666667,,,,PPD,-,-,-,-,-,-,-,-,-,-,-,-,-,-,-,-,-,-,-,-,-,-,-,-,-,-,-,-,-,-,-,-,827,-,-,3286,1399,-,-,-,-,-,-,-,-,-,-,-,-,-,-,-,-,-,-,-,-,-,-,-,-,-,-,-,-,-,-,-,-,-,-,-,-,-,-,-,-,-,-,-,-,-,-,-,-,-,-,-,-,-,-,-,-,-,-,-,-,-,-,-,-,-,-,-,-,-,-,-,-,-,-,-,-,-,-,-,-,-,-,
AL13,Arcteryx,X000007664,16.84,16.84,,,,,,-,,,,919,12/22/23,0.255555555555556,,,,PPD,-,-,-,-,-,-,-,-,-,-,-,-,-,-,-,-,-,-,-,-,-,-,-,-,-,-,-,-,-,-,-,-,-,-,-,-,-,-,-,-,-,-,-,-,-,-,-,-,-,-,-,-,-,-,-,-,-,-,-,-,-,-,-,-,-,-,-,-,-,-,-,-,-,-,-,-,-,-,-,-,-,-,-,-,-,-,-,-,-,-,-,-,-,-,-,-,-,-,-,-,-,-,-,-,-,-,-,-,-,114,-,-,-,-,341,464,-,-,-,
AL13,Arcteryx,X000007730,21.59,21.59,,,,,,-,,,,5117,11/29/23,0.299305555555556,,,,PPD,-,-,-,-,-,-,-,-,-,-,-,-,-,-,-,-,-,-,-,-,-,-,-,-,-,-,-,-,-,-,-,-,-,-,-,-,-,-,-,-,-,-,-,-,-,-,-,-,-,-,-,-,-,-,-,-,-,-,-,-,-,-,-,-,-,-,-,-,-,-,-,-,-,-,-,-,-,-,-,-,-,-,-,-,-,-,140,392,528,-,-,659,769,808,863,-,-,-,917,40,-,-,-,-,-,-,-,-,-,-,-,-,-,-,-,-,-,-,-,
AL13,Arcteryx,X000007731,28.96,28.96,,,,,,-,,,,9021,11/7/23,0.345138888888889,,,,PPD,-,-,-,-,-,-,-,-,-,-,-,-,-,-,-,-,-,-,-,-,-,-,-,-,-,-,-,-,-,-,-,-,-,-,-,-,-,-,-,-,-,-,-,-,-,-,-,-,-,-,-,-,-,-,-,-,-,-,-,-,-,-,-,-,46,257,370,466,554,-,599,630,675,700,713,-,-,732,751,757,757,769,-,-,245,-,-,-,-,-,-,-,-,-,-,-,-,-,-,-,-,-,-,-,-,-,-,-,-,-,-,-,-,-,-,-,-,-,-,
AL13,Arcteryx,X000007738,14.98,14.98,,,,,,-,,,,5116,12/14/23,0.261805555555556,,,,PPD,-,-,-,-,-,-,-,-,-,-,-,-,-,-,-,-,-,-,-,-,-,-,-,-,-,-,-,-,-,-,-,-,-,-,-,-,-,-,-,-,-,-,-,-,-,-,-,-,-,-,-,-,-,-,-,-,-,-,-,-,-,-,-,-,-,-,-,-,-,-,-,-,-,-,-,-,-,-,-,-,-,-,-,-,-,-,-,-,-,-,-,-,-,-,-,-,-,-,-,-,-,205,566,-,-,762,951,1109,1165,358,-,-,-,-,-,-,-,-,-,
AL13,Arcteryx,X000009002,27.48,27.48,,,,,,-,,,,16739,9/14/23,0.0284722222222222,,,,PPD,-,-,-,-,-,-,-,-,-,-,34,34,-,-,-,290,727,1130,1134,811,-,1295,749,748,-,-,-,-,764,778,785,795,596,-,-,-,-,-,-,-,-,-,-,-,-,-,-,-,-,-,438,545,625,-,-,-,638,691,731,744,758,784,-,114,-,-,-,-,-,-,-,-,-,-,-,-,-,-,-,-,-,-,-,-,-,-,-,-,-,-,-,-,-,-,-,-,-,-,-,-,-,-,-,-,-,-,-,-,-,-,-,-,-,-,-,-,-,-,-,
Daily Prod,AL13,-,22.2,22.2,,,,,,-,,,,42423,9/14/23,0.0284722222222222,,,,PPD,-,-,-,-,-,-,-,-,-,-,34,34,-,-,-,290,727,1130,1134,811,-,1295,749,748,-,-,-,-,764,778,785,795,1422,-,-,3286,1399,-,-,-,-,-,-,-,-,-,-,-,-,-,438,545,625,-,-,-,638,691,731,744,758,784,-,114,46,257,370,466,554,-,599,630,675,700,713,-,-,732,751,757,757,769,-,-,245,-,140,392,528,-,-,659,769,808,863,-,-,-,917,40,-,205,566,-,-,762,951,1109,1165,472,-,-,-,-,341,464,-,-,-,
Efficiency,AL13,-,,,,,,,,,,,,,,,,,,EFF Row,-,-,-,-,-,-,-,-,-,-,0.03,0.03,-,-,-,0.22,0.55,0.6,0.6,0.61,-,0.69,0.56,0.56,-,-,-,-,0.57,0.59,0.59,0.6,0.63,-,-,0.72,0.31,-,-,-,-,-,-,-,-,-,-,-,-,-,0.33,0.41,0.47,-,-,-,0.48,0.52,0.55,0.56,0.57,0.59,-,0.09,0.04,0.2,0.29,0.37,0.44,-,0.47,0.5,0.53,0.55,0.56,-,-,0.58,0.6,0.6,0.6,0.61,-,-,0.19,-,0.08,0.23,0.31,-,-,0.39,0.45,0.48,0.51,-,-,-,0.54,0.02,-,0.08,0.23,-,-,0.31,0.39,0.45,0.48,0.2,-,-,-,-,0.16,0.21,-,-,-,
AL15,Patagonia,24811,21.8,21.8,,,,,,-,,,,876,11/3/23,0.934722222222222,,,,PPD,-,-,-,-,-,-,-,-,-,-,-,-,-,-,-,-,-,-,-,-,-,-,-,-,-,-,-,-,-,-,-,-,-,-,-,-,-,-,-,-,-,-,-,-,-,-,-,-,-,-,-,-,-,-,-,-,-,-,-,-,-,210,-,336,330,-,-,-,-,-,-,-,-,-,-,-,-,-,-,-,-,-,-,-,-,-,-,-,-,-,-,-,-,-,-,-,-,-,-,-,-,-,-,-,-,-,-,-,-,-,-,-,-,-,-,-,-,-,-,
AL15,Patagonia,24827,22.88,22.88,,,,,,-,,,,927,11/1/23,0.277083333333333,,,,PPD,-,-,-,-,-,-,-,-,-,-,-,-,-,-,-,-,-,-,-,-,-,-,-,-,-,-,-,-,-,-,-,-,-,-,-,-,-,-,-,-,-,-,-,-,-,-,-,-,-,-,-,-,-,-,-,-,-,-,182,314,431,-,-,-,-,-,-,-,-,-,-,-,-,-,-,-,-,-,-,-,-,-,-,-,-,-,-,-,-,-,-,-,-,-,-,-,-,-,-,-,-,-,-,-,-,-,-,-,-,-,-,-,-,-,-,-,-,-,-,
AL15,Patagonia,45235,7.98,7.98,,,,,,-,,,,6475,9/19/23,0.2875,,,,PPD,-,-,-,-,-,-,-,-,-,-,-,-,-,-,-,58,-,-,919,-,-,1731,1795,1795,-,-,-,-,178,-,-,-,-,-,-,-,-,-,-,-,-,-,-,-,-,-,-,-,-,-,-,-,-,-,-,-,-,-,-,-,-,-,-,-,-,-,-,-,-,-,-,-,-,-,-,-,-,-,-,-,-,-,-,-,-,-,-,-,-,-,-,-,-,-,-,-,-,-,-,-,-,-,-,-,-,-,-,-,-,-,-,-,-,-,-,-,-,-,-,
AL15,Patagonia,45365,7.98,7.98,,,,,,-,,,,1086,9/20/23,0.509027777777778,,,,PPD,-,-,-,-,-,-,-,-,-,-,-,-,-,-,-,-,1024,62,-,-,-,-,-,-,-,-,-,-,-,-,-,-,-,-,-,-,-,-,-,-,-,-,-,-,-,-,-,-,-,-,-,-,-,-,-,-,-,-,-,-,-,-,-,-,-,-,-,-,-,-,-,-,-,-,-,-,-,-,-,-,-,-,-,-,-,-,-,-,-,-,-,-,-,-,-,-,-,-,-,-,-,-,-,-,-,-,-,-,-,-,-,-,-,-,-,-,-,-,-,
AL15,Patagonia,45765,14.46,14.46,,,,,,-,,,,6284,10/2/23,0.309722222222222,,,,PPD,-,-,-,-,-,-,-,-,-,-,-,-,-,-,-,-,-,-,-,-,-,-,-,-,-,-,-,-,205,366,493,562,682,-,-,752,815,878,941,589,-,-,-,-,-,-,-,-,-,-,-,-,-,-,-,-,-,-,-,-,-,-,-,-,-,-,-,-,-,-,-,-,-,-,-,-,-,-,-,-,-,-,-,-,-,-,-,-,-,-,-,-,-,-,-,-,-,-,-,-,-,-,-,-,-,-,-,-,-,-,-,-,-,-,-,-,-,-,-,
AL15,Patagonia,66316,9.9,9.9,,,,,,-,,,,6155,10/13/23,0.375694444444444,,,,PPD,-,-,-,-,-,-,-,-,-,-,-,-,-,-,-,-,-,-,-,-,-,-,-,-,-,-,-,-,-,-,-,-,-,-,-,-,-,-,-,53,-,-,439,623,773,900,1050,-,-,1142,1176,-,-,-,-,-,-,-,-,-,-,-,-,-,-,-,-,-,-,-,-,-,-,-,-,-,-,-,-,-,-,-,-,-,-,-,-,-,-,-,-,-,-,-,-,-,-,-,-,-,-,-,-,-,-,-,-,-,-,-,-,-,-,-,-,-,-,-,-,
AL15,Patagonia,66670,12.34,12.34,,,,,,-,,,,2060,10/24/23,0.405555555555556,,,,PPD,-,-,-,-,-,-,-,-,-,-,-,-,-,-,-,-,-,-,-,-,-,-,-,-,-,-,-,-,-,-,-,-,-,-,-,-,-,-,-,-,-,-,-,-,-,-,-,-,-,-,1,303,451,-,-,-,596,673,37,-,-,-,-,-,-,-,-,-,-,-,-,-,-,-,-,-,-,-,-,-,-,-,-,-,-,-,-,-,-,-,-,-,-,-,-,-,-,-,-,-,-,-,-,-,-,-,-,-,-,-,-,-,-,-,-,-,-,-,-,
AL15,Alo Yoga,A0191M,5.37,5.37,,,,,,-,,,,1821,12/18/23,0.25,,,,PPD,-,-,-,-,-,-,-,-,-,-,-,-,-,-,-,-,-,-,-,-,-,-,-,-,-,-,-,-,-,-,-,-,-,-,-,-,-,-,-,-,-,-,-,-,-,-,-,-,-,-,-,-,-,-,-,-,-,-,-,-,-,-,-,-,-,-,-,-,-,-,-,-,-,-,-,-,-,-,-,-,-,-,-,-,-,-,-,-,-,-,-,-,-,-,-,-,-,-,-,-,-,-,-,-,-,510,884,427,-,-,-,-,-,-,-,-,-,-,-,
AL15,Alo Yoga,A0477M,5.39,5.39,,,,,,-,,,,13481,12/1/23,0.341666666666667,,,,PPD,-,-,-,-,-,-,-,-,-,-,-,-,-,-,-,-,-,-,-,-,-,-,-,-,-,-,-,-,-,-,-,-,-,-,-,-,-,-,-,-,-,-,-,-,-,-,-,-,-,-,-,-,-,-,-,-,-,-,-,-,-,-,-,-,-,-,-,-,-,-,-,-,-,-,-,-,-,-,-,-,-,-,-,-,-,-,-,-,137,-,-,701,1004,1258,1495,-,-,-,1611,1697,1815,1883,1879,-,-,-,-,-,-,-,-,-,-,-,-,-,-,-,-,
Daily Prod,AL15,W6290R,6.15,6.15,,,,,,-,,,,25511,11/7/23,0.265277777777778,,,,PPD,-,-,-,-,-,-,-,-,-,-,-,-,-,-,-,-,-,-,-,-,-,-,-,-,-,-,-,-,-,-,-,-,-,-,-,-,-,-,-,-,-,-,-,-,-,-,-,-,-,-,-,-,-,-,-,-,-,-,-,-,-,-,-,-,36,538,831,1047,1268,-,1405,1460,1570,1213,1539,-,-,1692,1750,1781,1782,1782,-,-,1817,-,-,-,-,-,-,-,-,-,-,-,-,-,-,-,-,-,-,-,-,-,-,111,608,876,-,-,-,-,1098,1306,-,-,-,
Efficiency,AL15,W6290R,,,,,,,,,,,,,,,,,,EFF Row,-,-,-,-,-,-,-,-,-,-,-,-,-,-,-,0.03,0.45,0.03,0.4,-,-,0.76,0.78,0.78,-,-,-,-,0.24,0.29,0.39,0.44,0.54,-,-,0.59,0.64,0.7,0.75,0.49,-,-,0.24,0.34,0.42,0.49,0.57,-,-,0.62,0.64,0.2,0.3,-,-,-,0.4,0.45,0.25,0.39,0.54,0.25,-,0.4,0.41,0.18,0.28,0.35,0.43,-,0.47,0.49,0.53,0.41,0.52,-,-,0.57,0.59,0.6,0.6,0.6,-,-,0.61,-,-,-,0.04,-,-,0.21,0.3,0.37,0.44,-,-,-,0.48,0.5,0.54,0.56,0.55,-,-,0.15,0.26,0.16,0.2,0.29,-,-,-,-,0.37,0.44,-,-,-,
AL16,Patagonia,24845,14.09,14.09,,,,,,-,,,,2061,10/19/23,0.361111111111111,,,,PPD,-,-,-,-,-,-,-,-,-,-,-,-,-,-,-,-,-,-,-,-,-,-,-,-,-,-,-,-,-,-,-,-,-,-,-,-,-,-,-,-,-,-,-,-,-,1,332,-,-,527,716,485,-,-,-,-,-,-,-,-,-,-,-,-,-,-,-,-,-,-,-,-,-,-,-,-,-,-,-,-,-,-,-,-,-,-,-,-,-,-,-,-,-,-,-,-,-,-,-,-,-,-,-,-,-,-,-,-,-,-,-,-,-,-,-,-,-,-,-,
AL16,Patagonia,24885,13.98,13.98,,,,,,-,,,,3194,10/12/23,0.522916666666667,,,,PPD,-,-,-,-,-,-,-,-,-,-,-,-,-,-,-,-,-,-,-,-,-,-,-,-,-,-,-,-,-,-,-,-,-,-,-,-,-,-,1,336,-,-,532,722,787,816,-,-,-,-,-,-,-,-,-,-,-,-,-,-,-,-,-,-,-,-,-,-,-,-,-,-,-,-,-,-,-,-,-,-,-,-,-,-,-,-,-,-,-,-,-,-,-,-,-,-,-,-,-,-,-,-,-,-,-,-,-,-,-,-,-,-,-,-,-,-,-,-,-,
AL16,Patagonia,45235,7.98,7.98,,,,,,-,,,,12876,9/25/23,0.25,,,,PPD,-,-,-,-,-,-,-,-,-,-,-,-,-,-,-,-,-,-,-,-,-,1580,1580,1580,-,-,-,-,1580,1716,1771,1786,1284,-,-,-,-,-,-,-,-,-,-,-,-,-,-,-,-,-,-,-,-,-,-,-,-,-,-,-,-,-,-,-,-,-,-,-,-,-,-,-,-,-,-,-,-,-,-,-,-,-,-,-,-,-,-,-,-,-,-,-,-,-,-,-,-,-,-,-,-,-,-,-,-,-,-,-,-,-,-,-,-,-,-,-,-,-,-,
AL16,Patagonia,45250,7.98,7.98,,,,,,-,,,,3,9/20/23,0.861805555555556,,,,PPD,-,-,-,-,-,-,-,-,-,-,-,-,-,-,-,-,3,-,-,-,-,-,-,-,-,-,-,-,-,-,-,-,-,-,-,-,-,-,-,-,-,-,-,-,-,-,-,-,-,-,-,-,-,-,-,-,-,-,-,-,-,-,-,-,-,-,-,-,-,-,-,-,-,-,-,-,-,-,-,-,-,-,-,-,-,-,-,-,-,-,-,-,-,-,-,-,-,-,-,-,-,-,-,-,-,-,-,-,-,-,-,-,-,-,-,-,-,-,-,
AL16,Patagonia,45355,7.98,7.98,,,,,,-,,,,6953,10/6/23,0.720138888888889,,,,PPD,-,-,-,-,-,-,-,-,-,-,-,-,-,-,-,-,-,-,-,-,-,-,-,-,-,-,-,-,-,-,-,-,461,-,-,1643,1643,1643,1563,-,-,-,-,-,-,-,-,-,-,-,-,-,-,-,-,-,-,-,-,-,-,-,-,-,-,-,-,-,-,-,-,-,-,-,-,-,-,-,-,-,-,-,-,-,-,-,-,-,-,-,-,-,-,-,-,-,-,-,-,-,-,-,-,-,-,-,-,-,-,-,-,-,-,-,-,-,-,-,-,
AL16,Alo Yoga,A0191M,5.37,5.37,,,,,,-,,,,10056,10/26/23,0.254166666666667,,,,PPD,-,-,-,-,-,-,-,-,-,-,-,-,-,-,-,-,-,-,-,-,-,-,-,-,-,-,-,-,-,-,-,-,-,-,-,-,-,-,-,-,-,-,-,-,-,-,-,-,-,-,-,-,47,-,-,-,624,957,1205,1457,1610,1673,-,1800,683,-,-,-,-,-,-,-,-,-,-,-,-,-,-,-,-,-,-,-,-,-,-,-,-,-,-,-,-,-,-,-,-,-,-,-,-,-,-,-,-,-,-,-,-,-,-,-,-,-,-,-,-,-,-,
AL16,Alo Yoga,A0477M,5.39,5.39,,,,,,-,,,,524,10/25/23,0.542361111111111,,,,PPD,-,-,-,-,-,-,-,-,-,-,-,-,-,-,-,-,-,-,-,-,-,-,-,-,-,-,-,-,-,-,-,-,-,-,-,-,-,-,-,-,-,-,-,-,-,-,-,-,-,-,-,72,452,-,-,-,-,-,-,-,-,-,-,-,-,-,-,-,-,-,-,-,-,-,-,-,-,-,-,-,-,-,-,-,-,-,-,-,-,-,-,-,-,-,-,-,-,-,-,-,-,-,-,-,-,-,-,-,-,-,-,-,-,-,-,-,-,-,-,
AL16,CMP Intimo GS,A2A9P,11,11,,,,,,-,,,,19875,11/27/23,0.25,,,,PPD,-,-,-,-,-,-,-,-,-,-,-,-,-,-,-,-,-,-,-,-,-,-,-,-,-,-,-,-,-,-,-,-,-,-,-,-,-,-,-,-,-,-,-,-,-,-,-,-,-,-,-,-,-,-,-,-,-,-,-,-,-,-,-,-,-,-,-,-,-,-,-,-,-,-,-,-,-,-,-,-,-,-,-,-,249,432,548,681,781,797,-,864,913,930,946,-,-,-,980,997,997,997,1030,1030,-,1047,1046,1046,1046,1046,-,-,-,-,1046,427,-,-,-,
Daily Prod,AL16,-,7.48,7.48,,,,,,-,,,,55542,9/20/23,0.25,,,,PPD,-,-,-,-,-,-,-,-,-,-,-,-,-,-,-,-,3,-,-,-,-,1580,1580,1580,-,-,-,-,1580,1716,1771,1786,1745,-,-,1643,1643,1643,1564,336,-,-,532,722,787,816,332,-,-,527,716,558,499,-,-,-,624,957,1205,1457,1610,1673,-,1800,683,-,-,-,-,-,-,-,-,-,-,-,-,-,-,-,-,-,-,-,249,432,548,681,781,797,-,864,913,930,946,-,-,-,980,997,997,997,1030,1030,-,1047,1046,1046,1046,1046,-,-,-,-,1046,427,-,-,-,
Efficiency,AL16,-,,,,,,,,,,,,,,,,,,EFF Row,-,-,-,-,-,-,-,-,-,-,-,-,-,-,-,-,-,-,-,-,-,0.69,0.69,0.69,-,-,-,-,0.69,0.75,0.77,0.78,0.76,-,-,0.72,0.72,0.72,0.68,0.26,-,-,0.41,0.55,0.6,0.62,0.26,-,-,0.41,0.55,0.4,0.15,-,-,-,0.18,0.28,0.35,0.43,0.47,0.49,-,0.53,0.2,-,-,-,-,-,-,-,-,-,-,-,-,-,-,-,-,-,-,-,0.15,0.26,0.33,0.41,0.47,0.48,-,0.52,0.55,0.56,0.57,-,-,-,0.59,0.6,0.6,0.6,0.62,0.62,-,0.63,0.63,0.63,0.63,0.63,-,-,-,-,0.63,0.26,-,-,-,
AL17,Patagonia,21975,26.63,26.63,,,,,,-,,,,2060,9/22/23,0.386111111111111,,,,PPD,-,-,-,-,-,-,-,-,-,-,-,-,-,-,-,-,-,-,12,-,-,381,587,767,-,-,-,-,314,-,-,-,-,-,-,-,-,-,-,-,-,-,-,-,-,-,-,-,-,-,-,-,-,-,-,-,-,-,-,-,-,-,-,-,-,-,-,-,-,-,-,-,-,-,-,-,-,-,-,-,-,-,-,-,-,-,-,-,-,-,-,-,-,-,-,-,-,-,-,-,-,-,-,-,-,-,-,-,-,-,-,-,-,-,-,-,-,-,-,
AL17,Patagonia,21995,18.28,18.28,,,,,,-,,,,58,9/21/23,0.367361111111111,,,,PPD,-,-,-,-,-,-,-,-,-,-,-,-,-,-,-,-,-,58,-,-,-,-,-,-,-,-,-,-,-,-,-,-,-,-,-,-,-,-,-,-,-,-,-,-,-,-,-,-,-,-,-,-,-,-,-,-,-,-,-,-,-,-,-,-,-,-,-,-,-,-,-,-,-,-,-,-,-,-,-,-,-,-,-,-,-,-,-,-,-,-,-,-,-,-,-,-,-,-,-,-,-,-,-,-,-,-,-,-,-,-,-,-,-,-,-,-,-,-,-,
AL17,Patagonia,24811,21.8,21.8,,,,,,-,,,,1597,10/2/23,0.507638888888889,,,,PPD,-,-,-,-,-,-,-,-,-,-,-,-,-,-,-,-,-,-,-,-,-,-,-,-,-,-,-,-,164,576,827,30,-,-,-,-,-,-,-,-,-,-,-,-,-,-,-,-,-,-,-,-,-,-,-,-,-,-,-,-,-,-,-,-,-,-,-,-,-,-,-,-,-,-,-,-,-,-,-,-,-,-,-,-,-,-,-,-,-,-,-,-,-,-,-,-,-,-,-,-,-,-,-,-,-,-,-,-,-,-,-,-,-,-,-,-,-,-,-,
AL17,Patagonia,24885,13.98,13.98,,,,,,-,,,,4750,9/14/23,0.271527777777778,,,,PPD,-,-,-,-,-,-,-,-,-,-,89,-,-,-,-,-,-,-,-,-,-,-,-,-,-,-,-,-,-,-,-,-,-,-,-,-,-,-,-,-,-,-,-,-,-,-,-,-,-,-,-,-,-,-,-,-,-,-,-,-,-,-,-,-,-,-,-,-,-,-,-,-,-,-,-,-,-,-,46,600,861,1084,-,-,1253,817,-,-,-,-,-,-,-,-,-,-,-,-,-,-,-,-,-,-,-,-,-,-,-,-,-,-,-,-,-,-,-,-,-,
AL17,Patagonia,45235,7.98,7.98,,,,,,-,,,,9167,11/28/23,0.627777777777778,,,,PPD,-,-,-,-,-,-,-,-,-,-,-,-,-,-,-,-,-,-,-,-,-,-,-,-,-,-,-,-,-,-,-,-,-,-,-,-,-,-,-,-,-,-,-,-,-,-,-,-,-,-,-,-,-,-,-,-,-,-,-,-,-,-,-,-,-,-,-,-,-,-,-,-,-,-,-,-,-,-,-,-,-,-,-,-,-,225,1448,2135,2620,-,-,2739,-,-,-,-,-,-,-,-,-,-,-,-,-,-,-,-,-,-,-,-,-,-,-,-,-,-,-,
AL17,Patagonia,45250,7.98,7.98,,,,,,-,,,,12000,12/7/23,0.250694444444444,,,,PPD,-,-,-,-,-,-,-,-,-,-,-,-,-,-,-,-,-,-,-,-,-,-,-,-,-,-,-,-,-,-,-,-,-,-,-,-,-,-,-,-,-,-,-,-,-,-,-,-,-,-,-,-,-,-,-,-,-,-,-,-,-,-,-,-,-,-,-,-,-,-,-,-,-,-,-,-,-,-,-,-,-,-,-,-,-,-,-,-,-,-,-,-,-,-,2159,-,-,-,3305,3434,3102,-,-,-,-,-,-,-,-,-,-,-,-,-,-,-,-,-,-,
AL17,Patagonia,45355,7.98,7.98,,,,,,-,,,,14575,12/4/23,0.336805555555556,,,,PPD,-,-,-,-,-,-,-,-,-,-,-,-,-,-,-,-,-,-,-,-,-,-,-,-,-,-,-,-,-,-,-,-,-,-,-,-,-,-,-,-,-,-,-,-,-,-,-,-,-,-,-,-,-,-,-,-,-,-,-,-,-,-,-,-,-,-,-,-,-,-,-,-,-,-,-,-,-,-,-,-,-,-,-,-,-,-,-,-,-,-,-,109,3078,3306,1026,-,-,-,-,-,339,3572,3146,-,-,-,-,-,-,-,-,-,-,-,-,-,-,-,-,
AL17,Patagonia,45385,7.98,7.98,,,,,,-,,,,8653,12/19/23,0.408333333333333,,,,PPD,-,-,-,-,-,-,-,-,-,-,-,-,-,-,-,-,-,-,-,-,-,-,-,-,-,-,-,-,-,-,-,-,-,-,-,-,-,-,-,-,-,-,-,-,-,-,-,-,-,-,-,-,-,-,-,-,-,-,-,-,-,-,-,-,-,-,-,-,-,-,-,-,-,-,-,-,-,-,-,-,-,-,-,-,-,-,-,-,-,-,-,-,-,-,-,-,-,-,-,-,-,-,-,-,-,-,1594,1187,2914,1932,-,-,-,-,1026,-,-,-,-,
AL17,Patagonia,45390,7.98,7.98,,,,,,-,,,,2268,12/15/23,0.296527777777778,,,,PPD,-,-,-,-,-,-,-,-,-,-,-,-,-,-,-,-,-,-,-,-,-,-,-,-,-,-,-,-,-,-,-,-,-,-,-,-,-,-,-,-,-,-,-,-,-,-,-,-,-,-,-,-,-,-,-,-,-,-,-,-,-,-,-,-,-,-,-,-,-,-,-,-,-,-,-,-,-,-,-,-,-,-,-,-,-,-,-,-,-,-,-,-,-,-,-,-,-,-,-,-,-,-,427,-,-,964,877,-,-,-,-,-,-,-,-,-,-,-,-,
AL17,Patagonia,57505,13.11,13.11,,,,,,-,,,,42,9/13/23,0.729861111111111,,,,PPD,-,-,-,-,-,-,-,-,-,42,-,-,-,-,-,-,-,-,-,-,-,-,-,-,-,-,-,-,-,-,-,-,-,-,-,-,-,-,-,-,-,-,-,-,-,-,-,-,-,-,-,-,-,-,-,-,-,-,-,-,-,-,-,-,-,-,-,-,-,-,-,-,-,-,-,-,-,-,-,-,-,-,-,-,-,-,-,-,-,-,-,-,-,-,-,-,-,-,-,-,-,-,-,-,-,-,-,-,-,-,-,-,-,-,-,-,-,-,-,
AL17,Patagonia,58495,19.2,19.2,,,,,,-,,,,14500,10/31/23,0.523611111111111,,,,PPD,-,-,-,-,-,-,-,-,-,-,-,-,-,-,-,-,-,-,-,-,-,-,-,-,-,-,-,-,-,-,-,-,-,-,-,-,-,-,-,-,-,-,-,-,-,-,-,-,-,-,-,-,-,-,-,-,-,59,456,646,799,931,-,1083,1179,1275,1370,1427,1428,-,1427,1427,992,-,-,-,-,-,-,-,-,-,-,-,-,-,-,-,-,-,-,-,-,-,-,-,-,-,-,-,-,-,-,-,-,-,-,-,-,-,-,-,-,-,-,-,-,-,-,
AL17,Patagonia,59060,24.75,24.75,,,,,,-,,,,12476,10/10/23,0.322916666666667,,,,PPD,-,-,-,-,-,-,-,-,-,-,-,-,-,-,-,-,-,-,-,-,-,-,-,-,-,-,-,-,-,-,-,-,-,-,-,-,44,294,430,540,-,-,645,700,735,787,819,-,-,833,855,878,886,-,-,-,886,543,-,-,-,-,-,-,-,-,-,-,-,-,-,-,34,437,658,-,-,834,639,-,-,-,-,-,-,-,-,-,-,-,-,-,-,-,-,-,-,-,-,-,-,-,-,-,-,-,-,-,-,-,-,-,-,-,-,-,-,-,-,
AL17,Zara,ZA-Pant,13,13,,,,,,-,,,,824,10/9/23,0.250694444444444,,,,PPD,-,-,-,-,-,-,-,-,-,-,-,-,-,-,-,-,-,-,-,-,-,-,-,-,-,-,-,-,-,-,-,-,-,-,-,420,404,-,-,-,-,-,-,-,-,-,-,-,-,-,-,-,-,-,-,-,-,-,-,-,-,-,-,-,-,-,-,-,-,-,-,-,-,-,-,-,-,-,-,-,-,-,-,-,-,-,-,-,-,-,-,-,-,-,-,-,-,-,-,-,-,-,-,-,-,-,-,-,-,-,-,-,-,-,-,-,-,-,-,
Daily Prod,AL17,-,15.5,15.5,,,,,,-,,,,82970,9/13/23,0.250694444444444,,,,PPD,-,-,-,-,-,-,-,-,-,42,89,-,-,-,-,-,-,58,12,-,-,381,587,767,-,-,-,-,477,576,827,30,-,-,-,420,448,294,430,540,-,-,645,700,735,787,819,-,-,833,855,878,886,-,-,-,886,603,456,646,799,931,-,1083,1179,1275,1370,1427,1428,-,1427,1427,1026,437,658,-,-,834,685,600,861,1084,-,-,1253,1041,1448,2135,2620,-,-,2848,3078,3306,3185,-,-,-,3305,3434,3440,3572,3573,-,-,964,2471,1187,2914,1932,-,-,-,-,1026,-,-,-,-,
Efficiency,AL17,-,,,,,,,,,,,,,,,,,,EFF Row,-,-,-,-,-,-,-,-,-,0.02,0.07,-,-,-,-,-,-,0.03,0.01,-,-,0.28,0.43,0.56,-,-,-,-,0.33,0.34,0.49,0.02,-,-,-,0.15,0.17,0.2,0.29,0.37,-,-,0.44,0.47,0.5,0.53,0.55,-,-,0.56,0.58,0.59,0.6,-,-,-,0.6,0.4,0.24,0.34,0.42,0.49,-,0.57,0.62,0.67,0.72,0.75,0.75,-,0.75,0.75,0.54,0.3,0.45,-,-,0.57,0.45,0.23,0.33,0.41,-,-,0.48,0.36,0.32,0.47,0.57,-,-,0.62,0.67,0.72,0.7,-,-,-,0.72,0.75,0.75,0.78,0.78,-,-,0.21,0.54,0.26,0.64,0.42,-,-,-,-,0.22,-,-,-,-,
AL20,Patagonia,32550,8.7,8.7,,,,,,-,,,,3912,9/4/23,0.250694444444444,,,,PPD,22,-,-,-,-,-,-,-,-,-,-,-,-,-,-,-,625,1544,1544,-,-,178,-,-,-,-,-,-,-,-,-,-,-,-,-,-,-,-,-,-,-,-,-,-,-,-,-,-,-,-,-,-,-,-,-,-,-,-,-,-,-,-,-,-,-,-,-,-,-,-,-,-,-,-,-,-,-,-,-,-,-,-,-,-,-,-,-,-,-,-,-,-,-,-,-,-,-,-,-,-,-,-,-,-,-,-,-,-,-,-,-,-,-,-,-,-,-,-,-,
AL20,Patagonia,32555,8.38,8.38,,,,,,-,,,,124,9/11/23,0.25,,,,PPD,-,-,-,-,-,-,-,124,-,-,-,-,-,-,-,-,-,-,-,-,-,-,-,-,-,-,-,-,-,-,-,-,-,-,-,-,-,-,-,-,-,-,-,-,-,-,-,-,-,-,-,-,-,-,-,-,-,-,-,-,-,-,-,-,-,-,-,-,-,-,-,-,-,-,-,-,-,-,-,-,-,-,-,-,-,-,-,-,-,-,-,-,-,-,-,-,-,-,-,-,-,-,-,-,-,-,-,-,-,-,-,-,-,-,-,-,-,-,-,
AL20,Patagonia,32560,8.23,8.23,,,,,,-,,,,366,9/4/23,0.265972222222222,,,,PPD,29,-,-,-,-,-,-,-,-,-,-,-,-,-,-,-,-,-,-,-,-,337,-,-,-,-,-,-,-,-,-,-,-,-,-,-,-,-,-,-,-,-,-,-,-,-,-,-,-,-,-,-,-,-,-,-,-,-,-,-,-,-,-,-,-,-,-,-,-,-,-,-,-,-,-,-,-,-,-,-,-,-,-,-,-,-,-,-,-,-,-,-,-,-,-,-,-,-,-,-,-,-,-,-,-,-,-,-,-,-,-,-,-,-,-,-,-,-,-,
AL20,Patagonia,45235,7.98,7.98,,,,,,-,,,,35950,10/10/23,0.35625,,,,PPD,-,-,-,-,-,-,-,-,-,-,-,-,-,-,-,-,-,-,-,-,-,-,-,-,-,-,-,-,-,-,-,-,-,-,-,-,617,1786,1786,1786,-,-,1786,1785,1786,1786,1785,-,-,1786,1786,687,-,-,-,-,-,-,-,-,-,-,-,-,-,-,-,-,-,-,-,-,-,-,-,-,-,-,-,-,-,-,-,-,-,-,-,-,-,-,-,-,-,-,360,-,-,-,1785,1786,1786,1785,1786,-,-,1786,1786,1786,1786,358,-,-,-,-,-,-,-,-,-,
AL20,Patagonia,45250,7.98,7.98,,,,,,-,,,,23948,10/3/23,0.25,,,,PPD,-,-,-,-,-,-,-,-,-,-,-,-,-,-,-,-,-,-,-,-,-,-,-,-,-,-,-,-,-,1336,1717,1717,1717,-,-,1769,1170,-,-,-,-,-,-,-,-,-,-,-,-,-,-,-,-,-,-,-,-,-,-,-,-,-,-,-,-,-,-,-,1786,-,1786,1786,1786,1786,1786,-,-,1786,1786,236,-,-,-,-,-,-,-,-,-,-,-,-,-,-,-,-,-,-,-,-,-,-,-,-,-,-,-,-,-,-,-,-,-,-,-,-,-,-,-,
AL20,Patagonia,45365,7.98,7.98,,,,,,-,,,,6799,12/1/23,0.4,,,,PPD,-,-,-,-,-,-,-,-,-,-,-,-,-,-,-,-,-,-,-,-,-,-,-,-,-,-,-,-,-,-,-,-,-,-,-,-,-,-,-,-,-,-,-,-,-,-,-,-,-,-,-,-,-,-,-,-,-,-,-,-,-,-,-,-,-,-,-,-,-,-,-,-,-,-,-,-,-,-,-,-,-,-,-,-,-,-,-,-,17,-,-,1786,1785,1786,1425,-,-,-,-,-,-,-,-,-,-,-,-,-,-,-,-,-,-,-,-,-,-,-,-,
AL20,Patagonia,45385,7.98,7.98,,,,,,-,,,,18645,10/25/23,0.285416666666667,,,,PPD,-,-,-,-,-,-,-,-,-,-,-,-,-,-,-,-,-,-,-,-,-,-,-,-,-,-,-,-,-,-,-,-,-,-,-,-,-,-,-,-,-,-,-,-,-,-,-,-,-,-,-,1099,1786,-,-,-,1786,1786,1786,101,-,-,-,-,-,-,-,-,-,-,-,-,-,-,-,-,-,-,-,-,-,1387,-,-,1786,1786,1786,1786,1770,-,-,-,-,-,-,-,-,-,-,-,-,-,-,-,-,-,-,-,-,-,-,-,-,-,-,-,-,-,-,
AL20,Patagonia,45390,7.98,7.98,,,,,,-,,,,3734,11/22/23,0.265972222222222,,,,PPD,-,-,-,-,-,-,-,-,-,-,-,-,-,-,-,-,-,-,-,-,-,-,-,-,-,-,-,-,-,-,-,-,-,-,-,-,-,-,-,-,-,-,-,-,-,-,-,-,-,-,-,-,-,-,-,-,-,-,-,-,-,-,-,-,-,-,-,-,-,-,-,-,-,-,-,-,-,-,-,1550,1785,399,-,-,-,-,-,-,-,-,-,-,-,-,-,-,-,-,-,-,-,-,-,-,-,-,-,-,-,-,-,-,-,-,-,-,-,-,-,
Daily Prod,AL20,-,8.06,8.06,,,,,,-,,,,93478,9/4/23,0.25,,,,PPD,51,-,-,-,-,-,-,124,-,-,-,-,-,-,-,-,625,1544,1544,-,-,515,-,-,-,-,-,-,-,1336,1717,1717,1717,-,-,1769,1786,1786,1786,1786,-,-,1786,1785,1786,1786,1785,-,-,1786,1786,1786,1786,-,-,-,1786,1786,1786,101,-,-,-,-,-,-,-,-,1786,-,1786,1786,1786,1786,1786,-,-,1786,1786,1786,1785,1785,-,-,1786,1786,1786,1786,1787,-,-,1786,1785,1786,1785,-,-,-,1785,1786,1786,1785,1786,-,-,1786,1786,1786,1786,358,-,-,-,-,-,-,-,-,-,
Efficiency,AL20,-,,,,,,,,,,,,,,,,,,EFF Row,0.02,-,-,-,-,-,-,0.06,-,-,-,-,-,-,-,-,0.3,0.74,0.74,-,-,0.24,-,-,-,-,-,-,-,0.58,0.75,0.75,0.75,-,-,0.77,0.78,0.78,0.78,0.78,-,-,0.78,0.78,0.78,0.78,0.78,-,-,0.78,0.78,0.78,0.78,-,-,-,0.78,0.78,0.78,0.04,-,-,-,-,-,-,-,-,0.78,-,0.78,0.78,0.78,0.78,0.78,-,-,0.78,0.78,0.78,0.78,0.78,-,-,0.78,0.78,0.78,0.78,0.78,-,-,0.78,0.78,0.78,0.78,-,-,-,0.78,0.78,0.78,0.78,0.78,-,-,0.78,0.78,0.78,0.78,0.16,-,-,-,-,-,-,-,-,-,
AL21,Patagonia,41930,15.99,15.99,,,,,,-,,,,5769,10/12/23,0.25,,,,PPD,-,-,-,-,-,-,-,-,-,-,-,-,-,-,-,-,-,-,-,-,-,-,-,-,-,-,-,-,-,-,-,-,-,-,-,-,-,-,457,685,-,-,914,107,-,-,-,-,-,-,-,-,-,-,-,-,-,-,-,-,-,133,-,581,809,976,1107,-,-,-,-,-,-,-,-,-,-,-,-,-,-,-,-,-,-,-,-,-,-,-,-,-,-,-,-,-,-,-,-,-,-,-,-,-,-,-,-,-,-,-,-,-,-,-,-,-,-,-,-,
AL21,Patagonia,44427,14.86,14.86,,,,,,-,,,,48,9/15/23,0.917361111111111,,,,PPD,-,-,-,-,-,-,-,-,-,-,-,48,-,-,-,-,-,-,-,-,-,-,-,-,-,-,-,-,-,-,-,-,-,-,-,-,-,-,-,-,-,-,-,-,-,-,-,-,-,-,-,-,-,-,-,-,-,-,-,-,-,-,-,-,-,-,-,-,-,-,-,-,-,-,-,-,-,-,-,-,-,-,-,-,-,-,-,-,-,-,-,-,-,-,-,-,-,-,-,-,-,-,-,-,-,-,-,-,-,-,-,-,-,-,-,-,-,-,-,
AL21,Patagonia,45760,10.95,10.95,,,,,,-,,,,192,9/12/23,0.367361111111111,,,,PPD,-,-,-,-,-,-,-,-,192,-,-,-,-,-,-,-,-,-,-,-,-,-,-,-,-,-,-,-,-,-,-,-,-,-,-,-,-,-,-,-,-,-,-,-,-,-,-,-,-,-,-,-,-,-,-,-,-,-,-,-,-,-,-,-,-,-,-,-,-,-,-,-,-,-,-,-,-,-,-,-,-,-,-,-,-,-,-,-,-,-,-,-,-,-,-,-,-,-,-,-,-,-,-,-,-,-,-,-,-,-,-,-,-,-,-,-,-,-,-,
AL21,Patagonia,82835,17.5,17.5,,,,,,-,,,,4738,10/26/23,0.36875,,,,PPD,-,-,-,-,-,-,-,-,-,-,-,-,-,-,-,-,-,-,-,-,-,-,-,-,-,-,-,-,-,-,-,-,-,-,-,-,-,-,-,-,-,-,-,-,-,-,-,-,-,-,-,-,17,-,-,-,460,669,856,982,1170,585,-,-,-,-,-,-,-,-,-,-,-,-,-,-,-,-,-,-,-,-,-,-,-,-,-,-,-,-,-,-,-,-,-,-,-,-,-,-,-,-,-,-,-,-,-,-,-,-,-,-,-,-,-,-,-,-,-,
AL21,Patagonia,82840,20.58,20.58,,,,,,-,,,,5358,10/18/23,0.25,,,,PPD,-,-,-,-,-,-,-,-,-,-,-,-,-,-,-,-,-,-,-,-,-,-,-,-,-,-,-,-,-,-,-,-,-,-,-,-,-,-,-,-,-,-,-,-,355,532,710,-,-,799,976,1065,920,-,-,-,-,-,-,-,-,-,-,-,-,-,-,-,-,-,-,-,-,-,-,-,-,-,-,-,-,-,-,-,-,-,-,-,-,-,-,-,-,-,-,-,-,-,-,-,-,-,-,-,-,-,-,-,-,-,-,-,-,-,-,-,-,-,-,
AL21,LACOSTE,TH1790,16.55,16.55,,,,,,-,,,,83,10/11/23,0.272222222222222,,,,PPD,-,-,-,-,-,-,-,-,-,-,-,-,-,-,-,-,-,-,-,-,-,-,-,-,-,-,-,-,-,-,-,-,-,-,-,-,-,83,-,-,-,-,-,-,-,-,-,-,-,-,-,-,-,-,-,-,-,-,-,-,-,-,-,-,-,-,-,-,-,-,-,-,-,-,-,-,-,-,-,-,-,-,-,-,-,-,-,-,-,-,-,-,-,-,-,-,-,-,-,-,-,-,-,-,-,-,-,-,-,-,-,-,-,-,-,-,-,-,-,
AL21,LACOSTE,TH7539,13.93,13.93,,,,,,-,,,,18996,9/21/23,0.256944444444444,,,,PPD,-,-,-,-,-,-,-,-,-,-,-,-,-,-,-,-,-,62,672,-,-,678,678,707,-,-,-,-,678,678,678,162,603,-,-,678,554,-,-,-,-,-,-,-,-,-,-,-,-,-,-,-,-,-,-,-,-,-,-,-,-,-,-,-,-,-,1,404,689,-,874,1081,1234,1263,1368,-,-,1443,1470,1496,848,-,-,-,-,-,-,-,-,-,-,-,-,-,-,-,-,-,-,-,-,-,-,-,-,-,-,-,-,-,-,-,-,-,-,-,-,-,-,
AL21,LACOSTE,TH9881,13.93,13.93,,,,,,-,,,,96,10/5/23,0.404166666666667,,,,PPD,-,-,-,-,-,-,-,-,-,-,-,-,-,-,-,-,-,-,-,-,-,-,-,-,-,-,-,-,-,-,-,76,20,-,-,-,-,-,-,-,-,-,-,-,-,-,-,-,-,-,-,-,-,-,-,-,-,-,-,-,-,-,-,-,-,-,-,-,-,-,-,-,-,-,-,-,-,-,-,-,-,-,-,-,-,-,-,-,-,-,-,-,-,-,-,-,-,-,-,-,-,-,-,-,-,-,-,-,-,-,-,-,-,-,-,-,-,-,-,
Daily Prod,AL21,X000007735,28.66,28.66,,,,,,-,,,,12220,11/28/23,0.255555555555556,,,,PPD,-,-,-,-,-,-,-,-,-,-,-,-,-,-,-,-,-,-,-,-,-,-,-,-,-,-,-,-,-,-,-,-,-,-,-,-,-,-,-,-,-,-,-,-,-,-,-,-,-,-,-,-,-,-,-,-,-,-,-,-,-,-,-,-,-,-,-,-,-,-,-,-,-,-,-,-,-,-,-,-,-,-,-,-,-,105,295,397,496,579,-,609,650,632,640,-,-,-,651,671,685,688,688,706,-,712,720,723,260,-,-,-,-,-,589,723,-,-,-,
Efficiency,AL21,X000007735,,,,,,,,,,,,,,,,,,EFF Row,-,-,-,-,-,-,-,-,0.1,-,-,0.02,-,-,-,-,-,0.05,0.51,-,-,0.52,0.52,0.54,-,-,-,-,0.52,0.52,0.52,0.18,0.48,-,-,0.52,0.42,0.04,0.2,0.3,-,-,0.4,0.05,0.2,0.3,0.4,-,-,0.45,0.55,0.6,0.53,-,-,-,0.22,0.32,0.41,0.47,0.56,0.34,-,0.25,0.35,0.43,0.48,0.15,0.26,-,0.33,0.41,0.47,0.48,0.52,-,-,0.55,0.56,0.57,0.32,-,-,-,-,0.08,0.23,0.31,0.39,0.45,-,0.48,0.51,0.5,0.5,-,-,-,0.51,0.53,0.54,0.54,0.54,0.55,-,0.56,0.56,0.57,0.2,-,-,-,-,-,0.46,0.57,-,-,-,
AL22,LACOSTE,TH5207,17.35,17.35,,,,,,20230712,,,,5,9/23/23,0.389583333333333,,,,PPD,-,-,-,-,-,-,-,-,-,-,-,-,-,-,-,-,-,-,-,5,-,-,-,-,-,-,-,-,-,-,-,-,-,-,-,-,-,-,-,-,-,-,-,-,-,-,-,-,-,-,-,-,-,-,-,-,-,-,-,-,-,-,-,-,-,-,-,-,-,-,-,-,-,-,-,-,-,-,-,-,-,-,-,-,-,-,-,-,-,-,-,-,-,-,-,-,-,-,-,-,-,-,-,-,-,-,-,-,-,-,-,-,-,-,-,-,-,-,-,
AL22,LACOSTE,TH7539,13.93,13.93,,,,,,-,,,,8039,9/20/23,0.25,,,,PPD,-,-,-,-,-,-,-,-,-,-,-,-,-,-,-,-,205,528,551,-,-,678,678,678,-,-,-,-,677,678,678,678,678,-,-,678,657,-,-,-,-,-,-,-,-,-,-,-,-,-,-,-,-,-,-,-,-,-,-,-,-,-,-,-,-,-,-,-,-,-,-,-,-,-,-,-,-,-,-,-,-,-,-,-,-,-,-,-,-,-,-,-,-,-,-,-,-,-,-,-,-,-,-,-,-,-,-,-,-,-,-,-,-,-,-,-,-,-,-,
Daily Prod,AL22,-,14.19,14.19,,,,,,-,,,,8044,9/20/23,0.25,,,,PPD,-,-,-,-,-,-,-,-,-,-,-,-,-,-,-,-,205,528,551,5,-,678,678,678,-,-,-,-,677,678,678,678,678,-,-,678,657,-,-,-,-,-,-,-,-,-,-,-,-,-,-,-,-,-,-,-,-,-,-,-,-,-,-,-,-,-,-,-,-,-,-,-,-,-,-,-,-,-,-,-,-,-,-,-,-,-,-,-,-,-,-,-,-,-,-,-,-,-,-,-,-,-,-,-,-,-,-,-,-,-,-,-,-,-,-,-,-,-,-,
Efficiency,AL22,-,,,,,,,,,,,,,,,,,,EFF Row,-,-,-,-,-,-,-,-,-,-,-,-,-,-,-,-,0.16,0.4,0.42,-,-,0.52,0.52,0.52,-,-,-,-,0.52,0.52,0.52,0.52,0.52,-,-,0.52,0.5,-,-,-,-,-,-,-,-,-,-,-,-,-,-,-,-,-,-,-,-,-,-,-,-,-,-,-,-,-,-,-,-,-,-,-,-,-,-,-,-,-,-,-,-,-,-,-,-,-,-,-,-,-,-,-,-,-,-,-,-,-,-,-,-,-,-,-,-,-,-,-,-,-,-,-,-,-,-,-,-,-,-,
AL23,Patagonia,23565,14.92,14.92,,,,,,-,,,,4029,9/18/23,0.25,,,,PPD,-,-,-,-,-,-,-,-,-,-,-,-,-,-,611,-,3,144,-,-,-,-,-,-,-,-,-,-,-,-,-,-,-,-,-,-,-,-,-,-,-,-,-,-,-,-,-,-,-,-,-,-,-,-,-,-,-,-,-,-,-,-,-,-,-,-,-,-,-,-,-,-,-,-,-,-,-,393,709,954,1089,124,-,-,-,-,-,-,-,-,-,-,-,-,-,-,-,-,-,-,-,-,-,-,-,-,-,-,-,-,-,-,-,-,-,-,-,-,-,
AL23,Patagonia,40235,19.13,19.13,,,,,,-,,,,2215,11/8/23,0.367361111111111,,,,PPD,-,-,-,-,-,-,-,-,-,-,-,-,-,-,-,-,-,-,-,-,-,-,-,-,-,-,-,-,-,-,-,-,-,-,-,-,-,-,-,-,-,-,-,-,-,-,-,-,-,-,-,-,-,-,-,-,-,-,-,-,-,-,-,-,-,259,539,730,687,-,-,-,-,-,-,-,-,-,-,-,-,-,-,-,-,-,-,-,-,-,-,-,-,-,-,-,-,-,-,-,-,-,-,-,-,-,-,-,-,-,-,-,-,-,-,-,-,-,-,
AL23,Patagonia,40505,16.57,16.57,,,,,,-,,,,1365,10/19/23,0.25,,,,PPD,-,-,-,-,-,-,-,-,-,-,-,-,-,-,-,-,-,-,-,-,-,-,-,-,-,-,-,-,-,-,-,-,-,-,-,-,-,-,-,-,-,-,-,-,-,551,814,-,-,-,-,-,-,-,-,-,-,-,-,-,-,-,-,-,-,-,-,-,-,-,-,-,-,-,-,-,-,-,-,-,-,-,-,-,-,-,-,-,-,-,-,-,-,-,-,-,-,-,-,-,-,-,-,-,-,-,-,-,-,-,-,-,-,-,-,-,-,-,-,
AL23,Patagonia,40515,26.27,26.27,,,,,,-,,,,4342,10/25/23,0.280555555555556,,,,PPD,-,-,-,-,-,-,-,-,-,-,-,-,-,-,-,-,-,-,-,-,-,-,-,-,-,-,-,-,-,-,-,-,-,-,-,-,-,-,-,-,-,-,-,-,-,-,-,-,-,-,-,274,533,-,-,-,742,666,-,-,-,-,-,-,-,-,-,-,-,-,313,546,755,513,-,-,-,-,-,-,-,-,-,-,-,-,-,-,-,-,-,-,-,-,-,-,-,-,-,-,-,-,-,-,-,-,-,-,-,-,-,-,-,-,-,-,-,-,-,
AL23,LACOSTE,DH2568,18.44,18.44,,,,,,-,,,,87,10/13/23,0.8375,,,,PPD,-,-,-,-,-,-,-,-,-,-,-,-,-,-,-,-,-,-,-,-,-,-,-,-,-,-,-,-,-,-,-,-,-,-,-,-,-,-,-,7,-,-,80,-,-,-,-,-,-,-,-,-,-,-,-,-,-,-,-,-,-,-,-,-,-,-,-,-,-,-,-,-,-,-,-,-,-,-,-,-,-,-,-,-,-,-,-,-,-,-,-,-,-,-,-,-,-,-,-,-,-,-,-,-,-,-,-,-,-,-,-,-,-,-,-,-,-,-,-,
AL23,LACOSTE,DJ2492,18.44,18.44,,,,,,-,,,,68,10/17/23,0.704861111111111,,,,PPD,-,-,-,-,-,-,-,-,-,-,-,-,-,-,-,-,-,-,-,-,-,-,-,-,-,-,-,-,-,-,-,-,-,-,-,-,-,-,-,-,-,-,-,33,35,-,-,-,-,-,-,-,-,-,-,-,-,-,-,-,-,-,-,-,-,-,-,-,-,-,-,-,-,-,-,-,-,-,-,-,-,-,-,-,-,-,-,-,-,-,-,-,-,-,-,-,-,-,-,-,-,-,-,-,-,-,-,-,-,-,-,-,-,-,-,-,-,-,-,
AL23,LACOSTE,PF0051,20.81,20.81,,,,,,-,,,,317,9/27/23,0.25,,,,PPD,-,-,-,-,-,-,-,-,-,-,-,-,-,-,-,-,-,-,-,-,-,-,-,265,-,-,-,-,52,-,-,-,-,-,-,-,-,-,-,-,-,-,-,-,-,-,-,-,-,-,-,-,-,-,-,-,-,-,-,-,-,-,-,-,-,-,-,-,-,-,-,-,-,-,-,-,-,-,-,-,-,-,-,-,-,-,-,-,-,-,-,-,-,-,-,-,-,-,-,-,-,-,-,-,-,-,-,-,-,-,-,-,-,-,-,-,-,-,-,
AL23,LACOSTE,PF7453,20.59,20.59,,,,,,-,,,,3340,9/22/23,0.329861111111111,,,,PPD,-,-,-,-,-,-,-,-,-,-,-,-,-,-,-,-,-,-,275,-,-,818,646,-,-,-,-,-,751,720,129,-,-,-,-,-,-,-,-,-,-,-,-,-,-,-,-,-,-,-,-,-,-,-,-,-,-,-,-,-,-,-,-,-,-,-,-,-,-,-,-,-,-,-,-,-,-,-,-,-,-,-,-,-,-,-,-,-,-,-,-,-,-,-,-,-,-,-,-,-,-,-,-,-,-,-,-,-,-,-,-,-,-,-,-,-,-,-,-,
AL23,LACOSTE,TF7390,13.77,13.77,,,,,,-,,,,150,10/9/23,0.335416666666667,,,,PPD,-,-,-,-,-,-,-,-,-,-,-,-,-,-,-,-,-,-,-,-,-,-,-,-,-,-,-,-,-,-,-,-,-,-,-,27,123,-,-,-,-,-,-,-,-,-,-,-,-,-,-,-,-,-,-,-,-,-,-,-,-,-,-,-,-,-,-,-,-,-,-,-,-,-,-,-,-,-,-,-,-,-,-,-,-,-,-,-,-,-,-,-,-,-,-,-,-,-,-,-,-,-,-,-,-,-,-,-,-,-,-,-,-,-,-,-,-,-,-,
AL23,LACOSTE,TH2525,11.34,11.34,,,,,,-,,,,88,10/12/23,0.815277777777778,,,,PPD,-,-,-,-,-,-,-,-,-,-,-,-,-,-,-,-,-,-,-,-,-,-,-,-,-,-,-,-,-,-,-,-,-,-,-,-,-,-,17,71,-,-,-,-,-,-,-,-,-,-,-,-,-,-,-,-,-,-,-,-,-,-,-,-,-,-,-,-,-,-,-,-,-,-,-,-,-,-,-,-,-,-,-,-,-,-,-,-,-,-,-,-,-,-,-,-,-,-,-,-,-,-,-,-,-,-,-,-,-,-,-,-,-,-,-,-,-,-,-,
AL23,Arcteryx,X000007664,16.84,16.84,,,,,,-,,,,10528,11/27/23,0.272222222222222,,,,PPD,-,-,-,-,-,-,-,-,-,-,-,-,-,-,-,-,-,-,-,-,-,-,-,-,-,-,-,-,-,-,-,-,-,-,-,-,-,-,-,-,-,-,-,-,-,-,-,-,-,-,-,-,-,-,-,-,-,-,-,-,-,-,-,-,-,-,-,-,-,-,-,-,-,-,-,-,-,-,-,-,-,-,-,-,138,354,471,588,684,715,-,765,813,835,850,-,-,-,877,895,899,898,152,-,-,-,-,-,-,-,-,-,-,-,-,593,-,-,-,
AL23,Arcteryx,X000008139,15.45,15.45,,,,,,-,,,,7618,12/15/23,0.294444444444444,,,,PPD,-,-,-,-,-,-,-,-,-,-,-,-,-,-,-,-,-,-,-,-,-,-,-,-,-,-,-,-,-,-,-,-,-,-,-,-,-,-,-,-,-,-,-,-,-,-,-,-,-,-,-,-,-,-,-,-,-,-,-,-,-,-,-,-,-,-,-,-,-,-,-,-,-,-,-,-,-,-,-,-,-,-,-,-,-,-,-,-,-,-,-,-,-,-,-,-,-,-,-,-,-,-,247,572,-,753,938,1088,1131,1215,-,-,-,-,1290,385,-,-,-,
Daily Prod,AL23,-,17.88,17.88,,,,,,-,,,,34147,9/18/23,0.25,,,,PPD,-,-,-,-,-,-,-,-,-,-,-,-,-,-,611,-,3,144,275,-,-,818,646,265,-,-,-,-,804,720,129,-,-,-,-,27,123,-,17,78,-,-,80,33,35,551,814,-,-,-,-,274,533,-,-,-,742,666,-,-,-,-,-,-,-,259,539,730,687,-,313,546,755,513,-,-,-,393,709,954,1089,124,-,-,138,354,471,588,684,715,-,765,813,835,850,-,-,-,877,895,899,898,399,572,-,753,938,1088,1131,1215,-,-,-,-,1290,978,-,-,-,
Efficiency,AL23,-,,,,,,,,,,,,,,,,,,EFF Row,-,-,-,-,-,-,-,-,-,-,-,-,-,-,0.25,-,-,0.06,0.16,-,-,0.46,0.36,0.15,-,-,-,-,0.45,0.41,0.07,-,-,-,-,0.01,0.05,-,0.01,0.03,-,-,0.04,0.02,0.02,0.25,0.37,-,-,-,-,0.2,0.38,-,-,-,0.53,0.48,-,-,-,-,-,-,-,0.14,0.28,0.38,0.36,-,0.23,0.39,0.54,0.37,-,-,-,0.16,0.29,0.39,0.44,0.05,-,-,0.06,0.16,0.22,0.27,0.32,0.33,-,0.35,0.37,0.38,0.39,-,-,-,0.4,0.41,0.41,0.41,0.17,0.24,-,0.32,0.4,0.46,0.48,0.51,-,-,-,-,0.55,0.44,-,-,-,
AL25,Patagonia,23936,17.78,17.78,,,,,,-,,,,2394,11/8/23,0.610416666666667,,,,PPD,-,-,-,-,-,-,-,-,-,-,-,-,-,-,-,-,-,-,-,-,-,-,-,-,-,-,-,-,-,-,-,-,-,-,-,-,-,-,-,-,-,-,-,-,-,-,-,-,-,-,-,-,-,-,-,-,-,-,-,-,-,-,-,-,-,10,443,649,838,-,453,-,-,-,-,-,-,-,-,-,-,-,-,-,-,-,-,-,-,-,-,-,-,-,-,-,-,-,-,-,-,-,-,-,-,-,-,-,-,-,-,-,-,-,-,-,-,-,-,
AL25,Patagonia,23941,18.4,18.4,,,,,,-,,,,1751,11/4/23,0.331944444444444,,,,PPD,-,-,-,-,-,-,-,-,-,-,-,-,-,-,-,-,-,-,-,-,-,-,-,-,-,-,-,-,-,-,-,-,-,-,-,-,-,-,-,-,-,-,-,-,-,-,-,-,-,-,-,-,-,-,-,-,-,-,-,-,-,11,-,430,628,682,-,-,-,-,-,-,-,-,-,-,-,-,-,-,-,-,-,-,-,-,-,-,-,-,-,-,-,-,-,-,-,-,-,-,-,-,-,-,-,-,-,-,-,-,-,-,-,-,-,-,-,-,-,
AL25,Patagonia,44550,15.72,15.72,,,,,,-,,,,4122,10/13/23,0.258333333333333,,,,PPD,-,-,-,-,-,-,-,-,-,-,-,-,-,-,-,-,-,-,-,-,-,-,-,-,-,-,-,-,-,-,-,-,-,-,-,-,-,-,-,471,-,-,1433,156,-,-,-,-,-,-,-,-,-,-,-,-,-,-,-,-,-,-,-,-,-,-,-,-,-,-,-,-,-,-,-,-,-,-,-,703,1359,-,-,-,-,-,-,-,-,-,-,-,-,-,-,-,-,-,-,-,-,-,-,-,-,-,-,-,-,-,-,-,-,-,-,-,-,-,-,
AL25,Patagonia,44555,15.91,15.91,,,,,,-,,,,4121,10/17/23,0.25,,,,PPD,-,-,-,-,-,-,-,-,-,-,-,-,-,-,-,-,-,-,-,-,-,-,-,-,-,-,-,-,-,-,-,-,-,-,-,-,-,-,-,-,-,-,-,1376,685,-,-,-,-,-,-,-,-,-,-,-,-,-,-,-,-,-,-,-,-,-,-,-,-,-,-,-,-,-,-,-,-,574,918,568,-,-,-,-,-,-,-,-,-,-,-,-,-,-,-,-,-,-,-,-,-,-,-,-,-,-,-,-,-,-,-,-,-,-,-,-,-,-,-,
AL25,Patagonia,44575,14.49,14.49,,,,,,-,,,,10507,10/5/23,0.266666666666667,,,,PPD,-,-,-,-,-,-,-,-,-,-,-,-,-,-,-,-,-,-,-,-,-,-,-,-,-,-,-,-,-,-,-,1296,1551,-,-,1017,-,-,-,-,-,-,-,-,-,-,-,-,-,-,-,-,-,-,-,-,-,-,-,-,-,-,-,-,-,-,-,-,-,-,-,-,-,-,-,-,-,-,-,-,-,-,-,-,860,1516,637,-,-,-,-,-,-,-,-,-,-,-,-,-,-,-,-,-,-,-,-,278,692,944,-,-,-,-,1102,614,-,-,-,
AL25,Patagonia,44580,14.48,14.48,,,,,,-,,,,4250,10/18/23,0.284722222222222,,,,PPD,-,-,-,-,-,-,-,-,-,-,-,-,-,-,-,-,-,-,-,-,-,-,-,-,-,-,-,-,-,-,-,-,-,-,-,-,-,-,-,-,-,-,-,-,496,1229,335,-,-,-,-,-,-,-,-,-,-,-,-,-,-,-,-,-,-,-,-,-,-,-,-,-,-,-,-,-,-,-,-,-,-,640,1019,-,530,-,-,-,-,-,-,-,-,-,-,-,-,-,-,-,-,-,-,-,-,-,-,-,-,-,-,-,-,-,-,-,-,-,-,
AL25,Patagonia,44585,16.14,16.14,,,,,,-,,,,4198,10/11/23,0.402777777777778,,,,PPD,-,-,-,-,-,-,-,-,-,-,-,-,-,-,-,-,-,-,-,-,-,-,-,-,-,-,-,-,-,-,-,-,-,-,-,-,-,222,1016,823,-,-,-,-,-,-,-,-,-,-,-,631,1165,-,-,-,342,-,-,-,-,-,-,-,-,-,-,-,-,-,-,-,-,-,-,-,-,-,-,-,-,-,-,-,-,-,-,-,-,-,-,-,-,-,-,-,-,-,-,-,-,-,-,-,-,-,-,-,-,-,-,-,-,-,-,-,-,-,-,
AL25,Patagonia,44590,14.39,14.39,,,,,,-,,,,9127,10/9/23,0.276388888888889,,,,PPD,-,-,-,-,-,-,-,-,-,-,-,-,-,-,-,-,-,-,-,-,-,-,-,-,-,-,-,-,-,-,-,-,-,-,-,665,1816,1280,-,-,-,-,-,-,-,-,1133,-,-,1030,-,-,-,-,-,-,-,-,-,-,-,-,-,-,-,-,-,-,-,-,-,-,-,-,-,-,-,-,-,-,-,-,-,-,-,-,1013,1485,-,-,-,-,-,-,-,-,-,-,-,-,-,-,-,-,-,-,-,-,-,-,-,-,-,-,-,705,-,-,-,
AL25,Patagonia,44595,14.39,14.39,,,,,,-,,,,4790,10/2/23,0.359027777777778,,,,PPD,-,-,-,-,-,-,-,-,-,-,-,-,-,-,-,-,-,-,-,-,-,-,-,-,-,-,-,-,56,747,1128,129,-,-,-,-,-,-,-,-,-,-,-,-,-,-,-,-,-,568,1726,437,-,-,-,-,-,-,-,-,-,-,-,-,-,-,-,-,-,-,-,-,-,-,-,-,-,-,-,-,-,-,-,-,-,-,-,-,-,-,-,-,-,-,-,-,-,-,-,-,-,-,-,-,-,-,-,-,-,-,-,-,-,-,-,-,-,-,-,
AL25,Patagonia,44600,16.31,16.31,,,,,,-,,,,2573,10/30/23,0.256944444444444,,,,PPD,-,-,-,-,-,-,-,-,-,-,-,-,-,-,-,-,-,-,-,-,-,-,-,-,-,-,-,-,-,-,-,-,-,-,-,-,-,-,-,-,-,-,-,-,-,-,-,-,-,-,-,-,-,-,-,-,309,810,1145,310,-,-,-,-,-,-,-,-,-,-,-,-,-,-,-,-,-,-,-,-,-,-,-,-,-,-,-,-,-,-,-,-,-,-,-,-,-,-,-,-,-,-,-,-,-,-,-,-,-,-,-,-,-,-,-,-,-,-,-,
AL25,Patagonia,44605,14.7,14.7,,,,,,-,,,,2370,11/2/23,0.402777777777778,,,,PPD,-,-,-,-,-,-,-,-,-,-,-,-,-,-,-,-,-,-,-,-,-,-,-,-,-,-,-,-,-,-,-,-,-,-,-,-,-,-,-,-,-,-,-,-,-,-,-,-,-,-,-,-,-,-,-,-,-,-,-,525,935,909,-,-,-,-,-,-,-,-,-,-,-,-,-,-,-,-,-,-,-,-,-,-,-,-,-,-,-,-,-,-,-,-,-,-,-,-,-,-,-,-,-,-,-,-,-,-,-,-,-,-,-,-,-,-,-,-,-,
AL25,Arcteryx,X000007664,16.84,16.84,,,,,,-,,,,4266,9/25/23,0.25,,,,PPD,-,-,-,-,-,-,-,-,-,-,-,-,-,-,-,-,-,-,-,-,-,1203,1203,1127,-,-,-,-,-,-,-,-,-,-,-,-,-,-,-,-,-,-,-,-,-,-,-,-,-,-,-,-,-,-,-,-,-,-,-,-,-,-,-,-,-,-,-,-,-,-,-,-,-,-,-,-,-,-,-,-,-,-,-,-,-,-,-,-,-,-,-,-,-,-,-,-,-,-,-,-,-,-,-,-,-,-,495,238,-,-,-,-,-,-,-,-,-,-,-,
AL25,Arcteryx,X000007665,18.01,18.01,,,,,,-,,,,11758,9/18/23,0.277083333333333,,,,PPD,-,-,-,-,-,-,-,-,-,-,-,-,-,-,199,-,-,810,1053,678,-,-,-,-,-,-,-,-,-,-,-,-,-,-,-,-,-,-,-,-,-,-,-,-,-,-,-,-,-,-,-,-,-,-,-,-,-,-,-,-,-,-,-,-,-,-,-,-,-,-,-,-,-,-,-,-,-,-,-,-,-,-,-,-,-,-,-,6,236,380,-,480,588,660,681,-,-,-,735,772,786,802,828,841,-,840,382,-,-,-,-,-,-,-,-,-,-,-,-,
AL25,Arcteryx,X000007739,29.4,29.4,,,,,,-,,,,-,1/9/24,0.355555555555556,,,,PPD,-,-,-,-,-,-,-,-,-,-,-,-,-,-,-,-,-,-,-,-,-,-,-,-,-,-,-,-,-,-,-,-,-,-,-,-,-,-,-,-,-,-,-,-,-,-,-,-,-,-,-,-,-,-,-,-,-,-,-,-,-,-,-,-,-,-,-,-,-,-,-,-,-,-,-,-,-,-,-,-,-,-,-,-,-,-,-,-,-,-,-,-,-,-,-,-,-,-,-,-,-,-,-,-,-,-,-,-,-,-,-,-,-,-,-,-,-,-,-,
Daily Prod,AL25,-,17.02,17.02,,,,,,-,,,,66227,9/18/23,0.25,,,,PPD,-,-,-,-,-,-,-,-,-,-,-,-,-,-,199,-,-,810,1053,678,-,1203,1203,1127,-,-,-,-,56,747,1128,1425,1551,-,-,1681,1816,1502,1016,1294,-,-,1433,1532,1181,1229,1469,-,-,1597,1726,1067,1165,-,-,-,651,810,1145,835,935,920,-,430,628,692,443,649,838,-,453,-,-,-,-,-,-,574,918,1271,1359,640,1019,-,1390,1516,1650,1490,236,380,-,480,588,660,681,-,-,-,735,772,786,802,828,841,-,840,877,516,692,944,-,-,-,-,1102,1320,-,-,-,
Efficiency,AL25,-,,,,,,,,,,,,,,,,,,EFF Row,-,-,-,-,-,-,-,-,-,-,-,-,-,-,0.1,-,-,0.4,0.52,0.33,-,0.55,0.55,0.52,-,-,-,-,0.02,0.29,0.44,0.56,0.62,-,-,0.66,0.72,0.6,0.45,0.57,-,-,0.62,0.67,0.5,0.49,0.58,-,-,0.63,0.68,0.45,0.51,-,-,-,0.29,0.36,0.51,0.35,0.38,0.37,-,0.22,0.32,0.35,0.22,0.32,0.41,-,0.22,-,-,-,-,-,-,0.25,0.4,0.55,0.58,0.25,0.4,-,0.55,0.6,0.65,0.59,0.12,0.19,-,0.24,0.29,0.33,0.34,-,-,-,0.36,0.38,0.39,0.4,0.41,0.41,-,0.41,0.42,0.22,0.27,0.37,-,-,-,-,0.44,0.52,-,-,-,
AL30,LACOSTE,DH4923,25.35,25.35,,,,,,-,,,,117,11/24/23,0.254861111111111,,,,PPD,-,-,-,-,-,-,-,-,-,-,-,-,-,-,-,-,-,-,-,-,-,-,-,-,-,-,-,-,-,-,-,-,-,-,-,-,-,-,-,-,-,-,-,-,-,-,-,-,-,-,-,-,-,-,-,-,-,-,-,-,-,-,-,-,-,-,-,-,-,-,-,-,-,-,-,-,-,-,-,-,-,117,-,-,-,-,-,-,-,-,-,-,-,-,-,-,-,-,-,-,-,-,-,-,-,-,-,-,-,-,-,-,-,-,-,-,-,-,-,
AL30,LACOSTE,DH5174,17.63,17.63,,,,,,-,,,,4737,11/29/23,0.304166666666667,,,,PPD,-,-,-,-,-,-,-,-,-,-,-,-,-,-,-,-,-,-,-,-,-,-,-,-,-,-,-,-,-,-,-,-,-,-,-,-,-,-,-,-,-,-,-,-,-,-,-,-,-,-,-,-,-,-,-,-,-,-,-,-,-,-,-,-,-,-,-,-,-,-,-,-,-,-,-,-,-,-,-,-,-,-,-,-,-,-,14,359,570,719,-,876,977,1012,209,-,-,-,-,-,-,-,-,-,-,-,-,-,-,-,-,-,-,-,-,-,-,-,-,
AL30,LACOSTE,DH7362,24.96,24.96,,,,,,-,,,,31041,9/20/23,0.254166666666667,,,,PPD,-,-,-,-,-,-,-,-,-,-,-,-,-,-,-,-,86,543,731,-,-,817,869,880,-,-,-,-,899,934,948,715,-,-,-,-,47,880,908,909,-,-,922,922,922,922,922,-,-,922,922,922,922,-,-,-,923,922,922,922,922,922,-,923,922,922,922,923,922,-,922,582,-,-,-,-,-,-,-,-,-,-,-,-,-,-,-,-,-,-,-,-,-,-,-,-,-,-,-,-,-,-,-,-,-,-,-,-,-,-,-,-,-,-,-,-,-,-,-,
AL30,LACOSTE,DH9884,25.35,25.35,,,,,,-,,,,1371,10/5/23,0.359027777777778,,,,PPD,-,-,-,-,-,-,-,-,-,-,-,-,-,-,-,-,-,-,-,-,-,-,-,-,-,-,-,-,-,-,-,18,324,-,-,468,562,-,-,-,-,-,-,-,-,-,-,-,-,-,-,-,-,-,-,-,-,-,-,-,-,-,-,-,-,-,-,-,-,-,-,-,-,-,-,-,-,-,-,-,-,-,-,-,-,-,-,-,-,-,-,-,-,-,-,-,-,-,-,-,-,-,-,-,-,-,-,-,-,-,-,-,-,-,-,-,-,-,-,
AL30,LACOSTE,L1313,15.24,15.24,,,,,,-,,,,172,9/4/23,0.258333333333333,,,,PPD,172,-,-,-,-,-,-,-,-,-,-,-,-,-,-,-,-,-,-,-,-,-,-,-,-,-,-,-,-,-,-,-,-,-,-,-,-,-,-,-,-,-,-,-,-,-,-,-,-,-,-,-,-,-,-,-,-,-,-,-,-,-,-,-,-,-,-,-,-,-,-,-,-,-,-,-,-,-,-,-,-,-,-,-,-,-,-,-,-,-,-,-,-,-,-,-,-,-,-,-,-,-,-,-,-,-,-,-,-,-,-,-,-,-,-,-,-,-,-,
AL30,LACOSTE,PF7401,22.39,22.39,,,,,,-,,,,1827,11/24/23,0.302083333333333,,,,PPD,-,-,-,-,-,-,-,-,-,-,-,-,-,-,-,-,-,-,-,-,-,-,-,-,-,-,-,-,-,-,-,-,-,-,-,-,-,-,-,-,-,-,-,-,-,-,-,-,-,-,-,-,-,-,-,-,-,-,-,-,-,-,-,-,-,-,-,-,-,-,-,-,-,-,-,-,-,-,-,-,-,26,301,-,461,580,459,-,-,-,-,-,-,-,-,-,-,-,-,-,-,-,-,-,-,-,-,-,-,-,-,-,-,-,-,-,-,-,-,
Daily Prod,AL30,-,24.53,24.53,,,,,,-,,,,39265,9/4/23,0.254166666666667,,,,PPD,172,-,-,-,-,-,-,-,-,-,-,-,-,-,-,-,86,543,731,-,-,817,869,880,-,-,-,-,899,934,948,732,324,-,-,468,609,880,908,909,-,-,922,922,922,922,922,-,-,922,922,922,922,-,-,-,923,922,922,922,922,922,-,923,922,922,922,923,922,-,922,582,-,-,-,-,-,-,-,-,-,143,301,-,461,580,473,359,570,719,-,876,977,1012,209,-,-,-,-,-,-,-,-,-,-,-,-,-,-,-,-,-,-,-,-,-,-,-,-,
Efficiency,AL30,-,,,,,,,,,,,,,,,,,,EFF Row,0.07,-,-,-,-,-,-,-,-,-,-,-,-,-,-,-,0.06,0.37,0.5,-,-,0.56,0.59,0.6,-,-,-,-,0.61,0.64,0.65,0.5,0.22,-,-,0.32,0.42,0.6,0.62,0.62,-,-,0.63,0.63,0.63,0.63,0.63,-,-,0.63,0.63,0.63,0.63,-,-,-,0.63,0.63,0.63,0.63,0.63,0.63,-,0.63,0.63,0.63,0.63,0.63,0.63,-,0.63,0.4,-,-,-,-,-,-,-,-,-,0.1,0.18,-,0.28,0.36,0.29,0.17,0.27,0.35,-,0.42,0.47,0.49,0.1,-,-,-,-,-,-,-,-,-,-,-,-,-,-,-,-,-,-,-,-,-,-,-,-,
AL31,Patagonia,40235,19.13,19.13,,,,,,-,,,,5644,10/5/23,0.25,,,,PPD,-,-,-,-,-,-,-,-,-,-,-,-,-,-,-,-,-,-,-,-,-,-,-,-,-,-,-,-,-,-,-,382,573,-,-,764,860,384,-,-,-,-,-,-,-,-,-,-,-,-,-,-,-,-,-,-,-,-,-,-,-,-,-,-,-,-,-,-,-,-,-,-,-,-,-,-,-,-,-,-,-,-,-,-,-,-,-,-,-,-,-,-,-,-,-,-,-,-,-,-,-,-,-,-,-,-,-,8,410,601,-,-,-,-,778,886,-,-,-,
AL31,Patagonia,40250,24.56,24.56,,,,,,-,,,,3297,10/11/23,0.302777777777778,,,,PPD,-,-,-,-,-,-,-,-,-,-,-,-,-,-,-,-,-,-,-,-,-,-,-,-,-,-,-,-,-,-,-,-,-,-,-,-,-,120,392,541,-,-,1115,1130,-,-,-,-,-,-,-,-,-,-,-,-,-,-,-,-,-,-,-,-,-,-,-,-,-,-,-,-,-,-,-,-,-,-,-,-,-,-,-,-,-,-,-,-,-,-,-,-,-,-,-,-,-,-,-,-,-,-,-,-,-,-,-,-,-,-,-,-,-,-,-,-,-,-,-,
AL31,Arcteryx,X000007664,16.84,16.84,,,,,,-,,,,17585,9/23/23,0.252777777777778,,,,PPD,-,-,-,-,-,-,-,-,-,-,-,-,-,-,-,-,-,-,-,233,-,1203,1203,1153,-,-,-,-,1136,1203,700,-,-,-,-,-,-,-,-,-,-,-,-,-,-,-,-,-,-,-,-,-,-,-,-,-,-,-,-,-,-,-,-,-,-,-,-,-,-,-,-,-,-,-,-,-,-,-,-,-,-,-,-,-,880,886,898,901,918,936,-,943,930,943,943,-,-,-,943,633,-,-,-,-,-,-,-,-,-,-,-,-,-,-,-,-,-,-,-,
AL31,Arcteryx,X000007665,18.01,18.01,,,,,,-,,,,15163,9/19/23,0.273611111111111,,,,PPD,-,-,-,-,-,-,-,-,-,-,-,-,-,-,-,140,331,768,1046,845,-,-,-,-,-,-,-,-,-,-,-,-,-,-,-,-,-,-,-,-,-,-,-,-,310,531,654,-,-,618,706,722,782,-,-,-,826,842,857,886,901,901,-,902,931,664,-,-,-,-,-,-,-,-,-,-,-,-,-,-,-,-,-,-,-,-,-,-,-,-,-,-,-,-,-,-,-,-,-,-,-,-,-,-,-,-,-,-,-,-,-,-,-,-,-,-,-,-,-,
AL31,Arcteryx,X000007994,16.27,16.27,,,,,,-,,,,16340,11/8/23,0.265972222222222,,,,PPD,-,-,-,-,-,-,-,-,-,-,-,-,-,-,-,-,-,-,-,-,-,-,-,-,-,-,-,-,-,-,-,-,-,-,-,-,-,-,-,-,-,-,-,-,-,-,-,-,-,-,-,-,-,-,-,-,-,-,-,-,-,-,-,-,-,28,407,629,792,-,959,1062,1104,1187,1241,-,-,1264,1293,336,-,-,-,-,-,-,-,-,-,-,-,-,-,-,-,-,-,-,-,36,417,635,800,965,-,1063,1107,1015,-,-,-,-,-,-,-,-,-,-,-,
AL31,Arcteryx,X000008452,18.01,18.01,,,,,,-,,,,17,9/13/23,0.427777777777778,,,,PPD,-,-,-,-,-,-,-,-,-,17,-,-,-,-,-,-,-,-,-,-,-,-,-,-,-,-,-,-,-,-,-,-,-,-,-,-,-,-,-,-,-,-,-,-,-,-,-,-,-,-,-,-,-,-,-,-,-,-,-,-,-,-,-,-,-,-,-,-,-,-,-,-,-,-,-,-,-,-,-,-,-,-,-,-,-,-,-,-,-,-,-,-,-,-,-,-,-,-,-,-,-,-,-,-,-,-,-,-,-,-,-,-,-,-,-,-,-,-,-,
Daily Prod,AL31,-,17.38,17.38,,,,,,-,,,,58046,9/13/23,0.25,,,,PPD,-,-,-,-,-,-,-,-,-,17,-,-,-,-,-,140,331,768,1046,1078,-,1203,1203,1153,-,-,-,-,1136,1203,700,382,573,-,-,764,860,504,392,541,-,-,1115,1130,310,531,654,-,-,618,706,722,782,-,-,-,826,842,857,886,901,901,-,902,931,692,407,629,792,-,959,1062,1104,1187,1241,-,-,1264,1293,336,-,-,-,-,880,886,898,901,918,936,-,943,930,943,943,-,-,-,943,670,417,635,800,965,-,1063,1107,1023,410,601,-,-,-,-,778,886,-,-,-,
Efficiency,AL31,-,,,,,,,,,,,,,,,,,,EFF Row,-,-,-,-,-,-,-,-,-,0.01,-,-,-,-,-,0.07,0.16,0.38,0.52,0.52,-,0.55,0.55,0.53,-,-,-,-,0.52,0.55,0.32,0.2,0.3,-,-,0.4,0.45,0.28,0.26,0.36,-,-,0.75,0.76,0.15,0.26,0.32,-,-,0.3,0.35,0.36,0.39,-,-,-,0.41,0.41,0.42,0.44,0.44,0.44,-,0.44,0.46,0.34,0.18,0.28,0.35,-,0.43,0.47,0.49,0.53,0.55,-,-,0.56,0.58,0.15,-,-,-,-,0.41,0.41,0.41,0.42,0.42,0.43,-,0.43,0.43,0.43,0.43,-,-,-,0.43,0.31,0.19,0.28,0.36,0.43,-,0.47,0.49,0.46,0.21,0.31,-,-,-,-,0.41,0.46,-,-,-,
AL32,Arcteryx,X000007664,16.84,16.84,,,,,,-,,,,33212,9/12/23,0.25,,,,PPD,-,-,-,-,-,-,-,-,48,-,-,-,-,-,-,77,202,1049,1138,-,-,1220,1231,1230,-,-,-,-,1210,1203,328,-,-,-,-,-,-,-,-,-,-,-,266,461,608,827,976,-,-,1068,1163,1110,1090,-,-,-,1063,1085,1093,1095,1106,1106,-,1131,1183,1195,1195,1196,1196,-,1195,1195,669,-,-,-,-,-,-,-,-,-,-,-,-,-,-,-,-,-,-,-,-,-,-,-,-,-,-,-,-,-,-,-,-,-,-,-,-,-,-,-,-,-,-,-,-,-,-,
AL32,Arcteryx,X000007739,29.4,29.4,,,,,,-,,,,15712,11/20/23,0.25,,,,PPD,-,-,-,-,-,-,-,-,-,-,-,-,-,-,-,-,-,-,-,-,-,-,-,-,-,-,-,-,-,-,-,-,-,-,-,-,-,-,-,-,-,-,-,-,-,-,-,-,-,-,-,-,-,-,-,-,-,-,-,-,-,-,-,-,-,-,-,-,-,-,-,-,-,-,-,-,-,173,300,410,510,584,597,-,646,684,696,708,733,745,-,746,746,771,770,-,-,-,783,783,783,784,783,783,-,783,172,-,-,-,-,-,-,-,19,221,-,-,-,
Daily Prod,AL32,-,23.66,23.66,,,,,,-,,,,48924,9/12/23,0.25,,,,PPD,-,-,-,-,-,-,-,-,48,-,-,-,-,-,-,77,202,1049,1138,-,-,1220,1231,1230,-,-,-,-,1210,1203,328,-,-,-,-,-,-,-,-,-,-,-,266,461,608,827,976,-,-,1068,1163,1110,1090,-,-,-,1063,1085,1093,1095,1106,1106,-,1131,1183,1195,1195,1196,1196,-,1195,1195,669,-,-,-,-,173,300,410,510,584,597,-,646,684,696,708,733,745,-,746,746,771,770,-,-,-,783,783,783,784,783,783,-,783,172,-,-,-,-,-,-,-,19,221,-,-,-,
Efficiency,AL32,-,,,,,,,,,,,,,,,,,,EFF Row,-,-,-,-,-,-,-,-,0.02,-,-,-,-,-,-,0.04,0.09,0.48,0.52,-,-,0.56,0.57,0.57,-,-,-,-,0.56,0.55,0.15,-,-,-,-,-,-,-,-,-,-,-,0.13,0.23,0.3,0.41,0.48,-,-,0.53,0.58,0.55,0.54,-,-,-,0.53,0.54,0.54,0.54,0.55,0.55,-,0.56,0.59,0.59,0.59,0.59,0.59,-,0.59,0.59,0.33,-,-,-,-,0.15,0.26,0.33,0.41,0.47,0.48,-,0.52,0.55,0.56,0.57,0.59,0.6,-,0.6,0.6,0.62,0.62,-,-,-,0.63,0.63,0.63,0.63,0.63,0.63,-,0.63,0.14,-,-,-,-,-,-,-,0.02,0.18,-,-,-,
AL34,Patagonia,40235,19.13,19.13,,,,,,-,,,,-,1/18/24,0.619444444444444,,,,PPD,-,-,-,-,-,-,-,-,-,-,-,-,-,-,-,-,-,-,-,-,-,-,-,-,-,-,-,-,-,-,-,-,-,-,-,-,-,-,-,-,-,-,-,-,-,-,-,-,-,-,-,-,-,-,-,-,-,-,-,-,-,-,-,-,-,-,-,-,-,-,-,-,-,-,-,-,-,-,-,-,-,-,-,-,-,-,-,-,-,-,-,-,-,-,-,-,-,-,-,-,-,-,-,-,-,-,-,-,-,-,-,-,-,-,-,-,-,-,-,
AL34,Patagonia,40245,24.83,24.83,,,,,,-,,,,4780,12/6/23,0.323611111111111,,,,PPD,-,-,-,-,-,-,-,-,-,-,-,-,-,-,-,-,-,-,-,-,-,-,-,-,-,-,-,-,-,-,-,-,-,-,-,-,-,-,-,-,-,-,-,-,-,-,-,-,-,-,-,-,-,-,-,-,-,-,-,-,-,-,-,-,-,-,-,-,-,-,-,-,-,-,-,-,-,-,-,-,-,-,-,-,-,-,-,-,-,-,-,-,-,263,554,-,-,-,775,871,945,1019,353,-,-,-,-,-,-,-,-,-,-,-,-,-,-,-,-,
AL34,Patagonia,40250,24.56,24.56,,,,,,-,,,,6847,9/14/23,0.258333333333333,,,,PPD,-,-,-,-,-,-,-,-,-,-,18,-,-,-,-,-,-,-,-,-,-,-,-,-,-,-,-,-,-,-,-,-,-,-,-,-,-,-,-,-,-,-,-,-,-,-,-,-,-,-,-,-,-,-,-,-,-,-,-,-,-,-,-,-,-,-,-,-,-,-,-,-,-,-,-,-,-,-,-,-,-,-,-,-,-,-,-,-,-,-,-,-,-,-,-,-,-,-,-,-,-,-,747,-,-,1116,558,-,1061,1116,-,-,-,-,1115,1116,-,-,-,
AL34,LACOSTE,DH7330,20.92,20.92,,,,,,-,,,,38020,9/22/23,0.25,,,,PPD,-,-,-,-,-,-,-,-,-,-,-,-,-,-,-,-,-,-,576,-,-,716,793,796,30,-,-,-,841,904,890,905,969,1047,-,1048,1049,1082,1083,1101,1100,-,1100,1100,1101,1101,1101,1100,-,1100,1100,1100,1100,-,-,-,440,-,-,-,-,-,-,-,29,326,495,623,751,-,827,862,926,966,984,-,-,1007,1036,1047,1049,718,-,-,-,-,-,-,-,-,-,-,-,-,-,-,-,-,-,-,-,-,-,-,-,-,-,-,-,-,-,-,-,-,-,-,-,-,-,
AL34,LACOSTE,PF0965,20.04,20.04,,,,,,-,,,,289,9/15/23,0.604861111111111,,,,PPD,-,-,-,-,-,-,-,-,-,-,-,34,-,-,-,-,-,-,-,-,-,-,-,-,-,-,-,-,-,-,-,-,-,-,-,-,-,-,-,-,-,-,-,-,-,-,-,-,-,-,-,-,-,-,-,-,-,-,63,192,-,-,-,-,-,-,-,-,-,-,-,-,-,-,-,-,-,-,-,-,-,-,-,-,-,-,-,-,-,-,-,-,-,-,-,-,-,-,-,-,-,-,-,-,-,-,-,-,-,-,-,-,-,-,-,-,-,-,-,
AL34,LACOSTE,TF0043,13.77,13.77,,,,,,-,,,,137,11/7/23,0.394444444444444,,,,PPD,-,-,-,-,-,-,-,-,-,-,-,-,-,-,-,-,-,-,-,-,-,-,-,-,-,-,-,-,-,-,-,-,-,-,-,-,-,-,-,-,-,-,-,-,-,-,-,-,-,-,-,-,-,-,-,-,-,-,-,-,-,-,-,-,137,-,-,-,-,-,-,-,-,-,-,-,-,-,-,-,-,-,-,-,-,-,-,-,-,-,-,-,-,-,-,-,-,-,-,-,-,-,-,-,-,-,-,-,-,-,-,-,-,-,-,-,-,-,-,
AL34,LACOSTE,TF7390,13.77,13.77,,,,,,-,,,,2501,11/2/23,0.258333333333333,,,,PPD,-,-,-,-,-,-,-,-,-,-,-,-,-,-,-,-,-,-,-,-,-,-,-,-,-,-,-,-,-,-,-,-,-,-,-,-,-,-,-,-,-,-,-,-,-,-,-,-,-,-,-,-,-,-,-,-,-,-,-,66,516,765,-,961,193,-,-,-,-,-,-,-,-,-,-,-,-,-,-,-,-,-,-,-,-,-,-,-,-,-,-,-,-,-,-,-,-,-,-,-,-,-,-,-,-,-,-,-,-,-,-,-,-,-,-,-,-,-,-,
AL34,Arcteryx,X000007839,20.65,20.65,,,,,,-,,,,204,9/28/23,0.582638888888889,,,,PPD,-,-,-,-,-,-,-,-,-,-,-,-,-,-,-,-,-,-,-,-,-,-,-,-,71,-,133,-,-,-,-,-,-,-,-,-,-,-,-,-,-,-,-,-,-,-,-,-,-,-,-,-,-,-,-,-,-,-,-,-,-,-,-,-,-,-,-,-,-,-,-,-,-,-,-,-,-,-,-,-,-,-,-,-,-,-,-,-,-,-,-,-,-,-,-,-,-,-,-,-,-,-,-,-,-,-,-,-,-,-,-,-,-,-,-,-,-,-,-,
Daily Prod,AL34,-,20.66,20.66,,,,,,-,,,,52778,9/14/23,0.25,,,,PPD,-,-,-,-,-,-,-,-,-,-,18,34,-,-,-,-,-,-,576,-,-,716,793,796,101,-,133,-,841,904,890,905,969,1047,-,1048,1049,1082,1083,1101,1100,-,1100,1100,1101,1101,1101,1100,-,1100,1100,1100,1100,-,-,-,440,-,63,258,516,765,-,961,359,326,495,623,751,-,827,862,926,966,984,-,-,1007,1036,1047,1049,718,-,-,-,-,-,-,-,-,-,-,-,263,554,-,-,-,775,871,945,1019,1100,-,-,1116,558,-,1061,1116,-,-,-,-,1115,1116,-,-,-,
Efficiency,AL34,-,,,,,,,,,,,,,,,,,,EFF Row,-,-,-,-,-,-,-,-,-,-,0.01,0.02,-,-,-,-,-,-,0.33,-,-,0.41,0.45,0.46,0.06,-,0.07,-,0.48,0.52,0.51,0.52,0.55,0.6,-,0.6,0.6,0.62,0.62,0.63,0.63,-,0.63,0.63,0.63,0.63,0.63,0.63,-,0.63,0.63,0.63,0.63,-,-,-,0.25,-,0.03,0.13,0.19,0.29,-,0.36,0.14,0.19,0.28,0.36,0.43,-,0.47,0.49,0.53,0.55,0.56,-,-,0.58,0.59,0.6,0.6,0.41,-,-,-,-,-,-,-,-,-,-,-,0.18,0.38,-,-,-,0.53,0.59,0.64,0.69,0.74,-,-,0.75,0.37,-,0.71,0.75,-,-,-,-,0.75,0.75,-,-,-,